time,F_base_w,F_base_x,F_base_y,F_base_z,L0_body_front_w,L0_body_front_x,L0_body_front_y,L0_body_front_z,L1_body_rear_w,L1_body_rear_x,L1_body_rear_y,L1_body_rear_z,Lrl1_hip_roll_w,Lrl1_hip_roll_x,Lrl1_hip_roll_y,Lrl1_hip_roll_z,Lrl2_hip_pitch_w,Lrl2_hip_pitch_x,Lrl2_hip_pitch_y,Lrl2_hip_pitch_z,Lrl3_knee_w,Lrl3_knee_x,Lrl3_knee_y,Lrl3_knee_z,Lrl4_wheel_w,Lrl4_wheel_x,Lrl4_wheel_y,Lrl4_wheel_z,Lrl4_wheel_contact_w,Lrl4_wheel_contact_x,Lrl4_wheel_contact_y,Lrl4_wheel_contact_z,Lrr1_hip_roll_w,Lrr1_hip_roll_x,Lrr1_hip_roll_y,Lrr1_hip_roll_z,Lrr2_hip_pitch_w,Lrr2_hip_pitch_x,Lrr2_hip_pitch_y,Lrr2_hip_pitch_z,Lrr3_knee_w,Lrr3_knee_x,Lrr3_knee_y,Lrr3_knee_z,Lrr4_wheel_w,Lrr4_wheel_x,Lrr4_wheel_y,Lrr4_wheel_z,Lrr4_wheel_contact_w,Lrr4_wheel_contact_x,Lrr4_wheel_contact_y,Lrr4_wheel_contact_z,Lfl1_hip_roll_w,Lfl1_hip_roll_x,Lfl1_hip_roll_y,Lfl1_hip_roll_z,Lfl2_hip_pitch_w,Lfl2_hip_pitch_x,Lfl2_hip_pitch_y,Lfl2_hip_pitch_z,Lfl3_knee_w,Lfl3_knee_x,Lfl3_knee_y,Lfl3_knee_z,Lfl4_wheel_w,Lfl4_wheel_x,Lfl4_wheel_y,Lfl4_wheel_z,Lfl4_wheel_contact_w,Lfl4_wheel_contact_x,Lfl4_wheel_contact_y,Lfl4_wheel_contact_z,Lfr1_hip_roll_w,Lfr1_hip_roll_x,Lfr1_hip_roll_y,Lfr1_hip_roll_z,Lfr2_hip_pitch_w,Lfr2_hip_pitch_x,Lfr2_hip_pitch_y,Lfr2_hip_pitch_z,Lfr3_knee_w,Lfr3_knee_x,Lfr3_knee_y,Lfr3_knee_z,Lfr4_wheel_w,Lfr4_wheel_x,Lfr4_wheel_y,Lfr4_wheel_z,Lfr4_wheel_contact_w,Lfr4_wheel_contact_x,Lfr4_wheel_contact_y,Lfr4_wheel_contact_z
0,1,0,0,0,0.499999999897,0.5,0.500000000103,0.5,0.499999999897,0.5,0.500000000103,0.5,0.499999999897,0.5,0.500000000103,0.5,0.6764793733,0.205853485268,0.20585348531,0.676479373439,0.360754231129,0.608158190457,0.608158190582,0.360754231203,0.360754231129,0.608158190457,0.608158190582,0.360754231203,0.360754231129,0.608158190457,0.608158190582,0.360754231203,0.499999999897,0.5,0.500000000103,0.5,0.6764793733,0.205853485268,0.20585348531,0.676479373439,0.360754231129,0.608158190457,0.608158190582,0.360754231203,0.360754231129,0.608158190457,0.608158190582,0.360754231203,0.360754231129,0.608158190457,0.608158190582,0.360754231203,0.499999999897,0.5,0.500000000103,0.5,0.6764793733,0.205853485268,0.20585348531,0.676479373439,0.360754231129,0.608158190457,0.608158190582,0.360754231203,0.360754231129,0.608158190457,0.608158190582,0.360754231203,0.360754231129,0.608158190457,0.608158190582,0.360754231203,0.499999999897,0.5,0.500000000103,0.5,0.6764793733,0.205853485268,0.20585348531,0.676479373439,0.360754231129,0.608158190457,0.608158190582,0.360754231203,0.360754231129,0.608158190457,0.608158190582,0.360754231203,0.360754231129,0.608158190457,0.608158190582,0.360754231203
0.01,0.999999998827,7.26522860472e-07,4.84295953276e-05,6.6655594902e-07,0.499975087974,0.500024244195,0.50002418433,0.499976481155,0.499975087974,0.500024244195,0.50002418433,0.499976481155,0.499975342747,0.500023989397,0.500024439128,0.499976226382,0.676481899051,0.205843565806,0.205843546695,0.676482890365,0.360730079562,0.608171968301,0.608172622659,0.360730824467,0.360730079562,0.608171968301,0.608172622659,0.360730824467,0.360730079562,0.608171968301,0.608172622659,0.360730824467,0.499975342747,0.500023989397,0.500024439128,0.499976226382,0.676481623534,0.205844471261,0.205844452151,0.676482614848,0.360730011316,0.60817200878,0.608172663138,0.360730756222,0.360730011316,0.60817200878,0.608172663138,0.360730756222,0.360730011316,0.60817200878,0.608172663138,0.360730756222,0.499975673115,0.500023658997,0.500024769527,0.499975896015,0.676463069364,0.205905437154,0.20590631213,0.676463788655,0.360781161167,0.608141666892,0.60814279805,0.360781102493,0.360781161167,0.608141666892,0.60814279805,0.360781102493,0.360781161167,0.608141666892,0.60814279805,0.360781102493,0.499975673115,0.500023658997,0.500024769527,0.499975896015,0.676462975341,0.20590574605,0.205906621026,0.676463694631,0.360780607911,0.608141995112,0.60814312627,0.360780549237,0.360780607911,0.608141995112,0.60814312627,0.360780549237,0.360780607911,0.608141995112,0.60814312627,0.360780549237
0.02,0.99999998579,1.62222777004e-06,0.000168539688491,3.31201408733e-06,0.499913255827,0.500083417846,0.500085107735,0.499918190172,0.499913255827,0.500083417846,0.500085107735,0.499918190172,0.49991386336,0.500082810111,0.500085715468,0.499917582645,0.676480914385,0.205840375584,0.205841187813,0.676485563521,0.360685696313,0.608196116579,0.608199851614,0.360688581396,0.360685696313,0.608196116579,0.608199851614,0.360688581396,0.360685696313,0.608196116579,0.608199851614,0.360688581396,0.499913863356,0.500082810114,0.500085715465,0.499917582648,0.676479998195,0.205843386556,0.205844198797,0.676484647331,0.360684147249,0.608197035237,0.608200770274,0.36068703233,0.360684147249,0.608197035237,0.608200770274,0.36068703233,0.360684147249,0.608197035237,0.608200770274,0.36068703233,0.499915504855,0.500081168058,0.500087357506,0.499915941157,0.676415444107,0.20605541394,0.2060606702,0.676418741281,0.360864371619,0.608090118269,0.608096223631,0.360863265193,0.360864371619,0.608090118269,0.608096223631,0.360863265193,0.360864371619,0.608090118269,0.608096223631,0.360863265193,0.499915504854,0.500081168059,0.500087357505,0.499915941157,0.676415428892,0.206055463887,0.206060720145,0.676418726066,0.360860414504,0.608092466558,0.608098571911,0.36085930804,0.360860414504,0.608092466558,0.608098571911,0.36085930804,0.360860414504,0.608092466558,0.608098571911,0.36085930804
0.03,0.999999950409,-1.32451726569e-08,0.000314801327977,9.11183112118e-06,0.499838025145,0.50015281333,0.500161938509,0.499847123833,0.499838025145,0.50015281333,0.500161938509,0.499847123833,0.499838288632,0.500152549677,0.500162202157,0.499846860351,0.676460505319,0.205893352186,0.205897831757,0.676472612267,0.360674831685,0.608197791446,0.608209263412,0.360680751038,0.360674831685,0.608197791446,0.608209263412,0.360680751038,0.360674831685,0.608197791446,0.608209263412,0.360680751038,0.4998382886,0.500152549709,0.500162202125,0.499846860383,0.676459044541,0.205898151495,0.205902631064,0.676471151484,0.360667736325,0.608201999097,0.608213471085,0.360673655622,0.360667736325,0.608201999097,0.608213471085,0.360673655622,0.360667736325,0.608201999097,0.608213471085,0.360673655622,0.499842805315,0.500148030103,0.500166721603,0.499842343704,0.676338404482,0.206294073265,0.206310785562,0.67634678806,0.361011151123,0.607998216121,0.608016216057,0.361006092706,0.361011151123,0.607998216121,0.608016216057,0.361006092706,0.361011151123,0.607998216121,0.608016216057,0.361006092706,0.499842805271,0.500148030147,0.500166721559,0.499842343748,0.676339421389,0.206290739289,0.206307451425,0.676347805086,0.360997439677,0.608006357359,0.608024357116,0.360992380961,0.360997439677,0.608006357359,0.608024357116,0.360992380961,0.360997439677,0.608006357359,0.608024357116,0.360992380961
0.04,0.999999897975,-6.6008129727e-06,0.000451270609118,1.89819237086e-05,0.499768123025,0.500212792924,0.500238375763,0.499780504239,0.499768123025,0.500212792924,0.500238375763,0.499780504239,0.499766719115,0.500214198116,0.500236970639,0.49978190811,0.676408543359,0.206040044659,0.206052985267,0.676432664594,0.360740487284,0.60815073655,0.608176554983,0.36074958134,0.360740487284,0.60815073655,0.608176554983,0.36074958134,0.360740487284,0.60815073655,0.608176554983,0.36074958134,0.499766718959,0.500214198272,0.500236970483,0.499781908266,0.676407117137,0.206044726743,0.206057667097,0.676431238411,0.360721381988,0.60816206895,0.608187887443,0.360730475611,0.360721381988,0.60816206895,0.608187887443,0.360730475611,0.360721381988,0.60816206895,0.608187887443,0.360730475611,0.49977613093,0.500204777554,0.500246390595,0.499772496404,0.676233886455,0.206612514977,0.206650953477,0.676250236888,0.361227750317,0.607861425768,0.607900862773,0.361213981601,0.361227750317,0.607861425768,0.607900862773,0.361213981601,0.361227750317,0.607861425768,0.607900862773,0.361213981601,0.499776130624,0.500204777861,0.500246390288,0.49977249671,0.676237622426,0.20660028691,0.206638724284,0.676253973807,0.361194889578,0.60788095239,0.607920388207,0.361181119476,0.361194889578,0.60788095239,0.607920388207,0.361181119476,0.361194889578,0.60788095239,0.607920388207,0.361181119476
0.05,0.99999984252,-1.9321540706e-05,0.000559890554558,3.32901798255e-05,0.499712991561,0.500253560677,0.5003061725,0.499726960303,0.499712991561,0.500253560677,0.5003061725,0.499726960303,0.499708400995,0.500258156522,0.500301577097,0.499731550698,0.676319947197,0.206295996605,0.206323417837,0.676360804646,0.360903211345,0.608042417297,0.608090205824,0.360914937887,0.360903211345,0.608042417297,0.608090205824,0.360914937887,0.360903211345,0.608042417297,0.608090205824,0.360914937887,0.499708400461,0.500258157056,0.500301576562,0.499731551232,0.676319440574,0.206297657511,0.206325077398,0.676360298395,0.360864374829,0.608065467012,0.608113255515,0.360876099617,0.360864374829,0.608065467012,0.608113255515,0.360876099617,0.360864374829,0.608065467012,0.608113255515,0.360876099617,0.499724914793,0.500241623341,0.500318108297,0.499715037119,0.676103899759,0.207002871763,0.207075038136,0.676131094089,0.36151602973,0.607678231003,0.60774994533,0.361487664747,0.36151602973,0.607678231003,0.60774994533,0.361487664747,0.36151602973,0.607678231003,0.60774994533,0.361487664747,0.499724913567,0.500241624568,0.50031810707,0.499715038345,0.676112446733,0.20697495395,0.207047115881,0.676139645055,0.361453138694,0.607715641331,0.607787350945,0.361424769269,0.361453138694,0.607715641331,0.607787350945,0.361424769269,0.361453138694,0.607715641331,0.607787350945,0.361424769269
0.06,0.99999979906,-3.8779426293e-05,0.000630599232084,5.21642554512e-05,0.499677907397,0.500269727305,0.500360671089,0.499691292328,0.499677907397,0.500269727305,0.500360671089,0.499691292328,0.499668619306,0.500279027665,0.500351372247,0.499700579997,0.676192552658,0.206667526162,0.20671635454,0.676254770131,0.361173932139,0.607866124557,0.60794410985,0.361187104778,0.361173932139,0.607866124557,0.60794410985,0.361187104778,0.361173932139,0.607866124557,0.60794410985,0.361187104778,0.499668617877,0.500279029096,0.500351370816,0.499700581427,0.676194070003,0.206662561529,0.206711385579,0.676256289012,0.361106918918,0.6079059366,0.607983921275,0.361120086435,0.361106918918,0.6079059366,0.607983921275,0.361120086435,0.361106918918,0.6079059366,0.607983921275,0.361120086435,0.499694512237,0.500253099669,0.500377295151,0.499674687381,0.675950232475,0.207458556114,0.207577542751,0.675990972172,0.361876555629,0.607448045329,0.607563596435,0.361826901983,0.361876555629,0.607448045329,0.607563596435,0.361826901983,0.361876555629,0.607448045329,0.607563596435,0.361826901983,0.499694508691,0.50025310322,0.500377291601,0.499674690927,0.67596593986,0.207407370761,0.207526344715,0.6760066915,0.361771971395,0.607510337369,0.60762587478,0.361722306474,0.361771971395,0.607510337369,0.60762587478,0.361722306474,0.361771971395,0.607510337369,0.60762587478,0.361722306474
0.07,0.999999778146,-6.52930889207e-05,0.000658577620304,7.56384292497e-05,0.49966542749,0.500258712124,0.500399643744,0.499675772933,0.49966542749,0.500258712124,0.500399643744,0.499675772933,0.499650021476,0.500274139981,0.500384219757,0.499691178153,0.676026314191,0.207154004583,0.207231878621,0.676114331596,0.361556519666,0.60761932341,0.607736138021,0.361569395067,0.361556519666,0.60761932341,0.607736138021,0.361569395067,0.361556519666,0.60761932341,0.607736138021,0.361569395067,0.499650018257,0.500274143203,0.500384216535,0.499691181371,0.676031119765,0.207138321447,0.20721618473,0.676119141633,0.36145244728,0.607681238363,0.607798050511,0.361465310497,0.36145244728,0.607681238363,0.607798050511,0.361465310497,0.36145244728,0.607681238363,0.607798050511,0.361465310497,0.49968759686,0.500236509652,0.500421838979,0.499653603038,0.675774744272,0.20797296711,0.208152636329,0.675831502628,0.362308415694,0.60717120482,0.607342609963,0.362230167268,0.362308415694,0.60717120482,0.607342609963,0.362230167268,0.362308415694,0.60717120482,0.607342609963,0.362230167268,0.499687588537,0.500236517988,0.500421830646,0.499653611361,0.675800136793,0.207890440322,0.208070080082,0.675856923992,0.362150043805,0.60726567978,0.607437052419,0.362071770898,0.362150043805,0.60726567978,0.607437052419,0.362071770898,0.362150043805,0.60726567978,0.607437052419,0.362071770898
0.08,0.999999783134,-9.88675826737e-05,0.000642821291503,0.000103620597378,0.499676104311,0.500220058123,0.500422546405,0.499680857429,0.499676104311,0.500220058123,0.500422546405,0.499680857429,0.499653340154,0.500242855031,0.500399757684,0.499703620332,0.675822717611,0.207749918646,0.207864961163,0.675940665727,0.362049480361,0.607302682447,0.607467118712,0.362059836695,0.362049480361,0.607302682447,0.607467118712,0.362059836695,0.362049480361,0.607302682447,0.607467118712,0.362059836695,0.499653333742,0.500242861453,0.500399751264,0.499703626744,0.675832174508,0.207719152351,0.207834172142,0.675950133173,0.361899360455,0.607392152778,0.607556582288,0.361909691726,0.361899360455,0.607392152778,0.607556582288,0.361909691726,0.361899360455,0.607392152778,0.607556582288,0.361909691726,0.499704866676,0.500191251408,0.500451339807,0.499652093682,0.675579327747,0.208539717284,0.208794303464,0.675654273335,0.362809382676,0.606848905088,0.607088303843,0.362694843598,0.362809382676,0.606848905088,0.607088303843,0.362694843598,0.362809382676,0.606848905088,0.607088303843,0.362694843598,0.499704849707,0.500191268404,0.50045132282,0.499652110653,0.675617011976,0.208417597473,0.208672124188,0.675692017696,0.362585112605,0.606982930506,0.607222262246,0.362470526284,0.362585112605,0.606982930506,0.607222262246,0.362470526284,0.362585112605,0.606982930506,0.607222262246,0.362470526284
0.09,0.999999809951,-0.000139350751137,0.000585013052798,0.000135788575234,0.499709179435,0.500154841839,0.500429981268,0.499705617361,0.499709179435,0.500154841839,0.500429981268,0.499705617361,0.499678070531,0.500185993899,0.500398844397,0.49973672455,0.675584392285,0.208446471698,0.208607183546,0.675735776995,0.362647537518,0.606919241905,0.607139969665,0.362652525943,0.362647537518,0.606919241905,0.607139969665,0.362652525943,0.362647537518,0.606919241905,0.607139969665,0.362652525943,0.499678058891,0.500186005554,0.500398832747,0.499736736189,0.675599976669,0.208395955368,0.208556624405,0.675751383075,0.362442531809,0.607041690351,0.607262402867,0.362447473953,0.362442531809,0.607041690351,0.607262402867,0.362447473953,0.362442531809,0.607041690351,0.607262402867,0.362447473953,0.499745668831,0.50011829688,0.500466503467,0.49966912504,0.675365951648,0.20915275696,0.209496449364,0.6754607267,0.363376161842,0.606483148484,0.606802354146,0.363217371023,0.363376161842,0.606483148484,0.606802354146,0.363217371023,0.363376161842,0.606483148484,0.606802354146,0.363217371023,0.499745637669,0.500118328092,0.500466472276,0.499669156207,0.675418568738,0.208982777918,0.209326362169,0.675513456297,0.363074280973,0.606663919282,0.606983000521,0.362915406969,0.363074280973,0.606663919282,0.606983000521,0.362915406969,0.363074280973,0.606663919282,0.606983000521,0.362915406969
0.1,0.999999848557,-0.000186459307281,0.000488522705423,0.000171651601237,0.499763066676,0.500065130177,0.500423241188,0.499748259073,0.499763066676,0.500065130177,0.500423241188,0.499748259073,0.49972292622,0.500105321622,0.500383075279,0.499788397495,0.675314717724,0.20923280749,0.20944794408,0.675502200601,0.363342864176,0.606473658749,0.606758997427,0.363338937271,0.363342864176,0.606473658749,0.606758997427,0.363338937271,0.363342864176,0.606473658749,0.606758997427,0.363338937271,0.499722906579,0.500105341286,0.500383055626,0.499788417132,0.675338019335,0.20915758505,0.209372647647,0.675525542578,0.363074500887,0.606634356551,0.606919664882,0.36307049541,0.363074500887,0.606634356551,0.606919664882,0.36307049541,0.363074500887,0.606634356551,0.606919664882,0.36307049541,0.499808485184,0.500019646193,0.500468688492,0.499702835091,0.6751366583,0.209806246476,0.210252837825,0.675252231204,0.364004580715,0.606076590589,0.606486738214,0.363793441295,0.364004580715,0.606076590589,0.606486738214,0.363793441295,0.364004580715,0.606076590589,0.606486738214,0.363793441295,0.499808432363,0.500019699094,0.500468635638,0.499702887923,0.675206838351,0.209580280531,0.210026690363,0.675322604976,0.363614104285,0.606310936491,0.606720871076,0.363402828906,0.363614104285,0.606310936491,0.606720871076,0.363402828906,0.363614104285,0.606310936491,0.606720871076,0.363402828906
0.11,0.99999988519,-0.000239822020725,0.000357291293355,0.000210828671274,0.49983579352,0.499953262896,0.50040391369,0.499806800273,0.49983579352,0.499953262896,0.50040391369,0.499806800273,0.499786211862,0.500002898866,0.500354317501,0.499856379889,0.675017346498,0.210096973728,0.210375406683,0.675242942814,0.36412630957,0.605971275822,0.606329235115,0.364109464588,0.36412630957,0.605971275822,0.606329235115,0.364109464588,0.36412630957,0.605971275822,0.606329235115,0.364109464588,0.499786180602,0.500002930158,0.500354286231,0.499856411145,0.675050000139,0.209992032706,0.210270346105,0.675275665978,0.3637865437,0.606175310541,0.60653321478,0.36376957388,0.3637865437,0.606175310541,0.60653321478,0.36376957388,0.3637865437,0.606175310541,0.60653321478,0.36376957388,0.499891441932,0.499897541801,0.500459578406,0.499751142437,0.67489354387,0.210493967745,0.211056860907,0.675030366317,0.36468985715,0.605632160727,0.606143822762,0.364418248874,0.36468985715,0.605632160727,0.606143822762,0.364418248874,0.36468985715,0.605632160727,0.606143822762,0.364418248874,0.499891357907,0.499897625945,0.500459494356,0.499751226486,0.674983866548,0.21020415323,0.210766760518,0.675121001396,0.364200500807,0.605926564318,0.606437884255,0.363928683131,0.364200500807,0.605926564318,0.606437884255,0.363928683131,0.364200500807,0.605926564318,0.606437884255,0.363928683131
0.12,0.999999904126,-0.000299034221843,0.000196006365214,0.000252800803813,0.499925065487,0.499822037733,0.500373872861,0.499878832171,0.499925065487,0.499822037733,0.500373872861,0.499878832171,0.49986592437,0.499881230418,0.50031473846,0.499937971761,0.674696207793,0.21102657193,0.211377218295,0.674961098668,0.364987631802,0.60541821537,0.605856327805,0.36495331645,0.364987631802,0.60541821537,0.605856327805,0.36495331645,0.364987631802,0.60541821537,0.605856327805,0.36495331645,0.49986587694,0.499881277885,0.500314691035,0.499938019185,0.674739913602,0.210886784557,0.21123724794,0.675004917148,0.364568965868,0.605670418655,0.606108438046,0.364534462597,0.364568965868,0.605670418655,0.606108438046,0.364534462597,0.364568965868,0.605670418655,0.606108438046,0.364534462597,0.49999228735,0.499754740252,0.500441087082,0.499811595049,0.674638673383,0.211210199069,0.211902149141,0.674796555544,0.365426716261,0.605153206103,0.605776120605,0.365086570406,0.365426716261,0.605153206103,0.605776120605,0.365086570406,0.365426716261,0.605153206103,0.605776120605,0.365086570406,0.499992160403,0.49975486736,0.50044096015,0.499811722042,0.674751648652,0.210848999418,0.211540521986,0.674910008552,0.364829110295,0.605513673005,0.606136066125,0.364488657475,0.364829110295,0.605513673005,0.606136066125,0.364488657475,0.364829110295,0.605513673005,0.606136066125,0.364488657475
0.13,0.999999889732,-0.000363647505079,9.5297987472e-06,0.000296993711794,0.500028506761,0.499674389157,0.500335030476,0.49996185307,0.500028506761,0.499674389157,0.500335030476,0.49996185307,0.499959977624,0.499742960051,0.500266540736,0.50003038195,0.674355303078,0.212009269979,0.212440996515,0.674659779187,0.365916256204,0.604820881578,0.605346104394,0.365859383573,0.365916256204,0.604820881578,0.605346104394,0.365859383573,0.365916256204,0.604820881578,0.605346104394,0.365859383573,0.499959908479,0.499743029229,0.500266471631,0.500030451085,0.674411820156,0.211829417652,0.212260876368,0.674716470092,0.365411828604,0.605125772766,0.605650846932,0.365354685561,0.365411828604,0.605125772766,0.605650846932,0.365354685561,0.365411828604,0.605125772766,0.605650846932,0.365354685561,0.500108656874,0.499594166366,0.500415134498,0.499881679419,0.674374106187,0.211949438902,0.212782381416,0.674552191022,0.366209592013,0.604643311767,0.60538623842,0.365792977769,0.366209592013,0.604643311767,0.60538623842,0.365792977769,0.366209592013,0.604643311767,0.60538623842,0.365792977769,0.500108473098,0.499594350338,0.500414950828,0.499881863278,0.674512150312,0.211509713334,0.212342043475,0.674690934294,0.365495404106,0.605075292283,0.605817458058,0.365078358381,0.365495404106,0.605075292283,0.605817458058,0.365078358381,0.365495404106,0.605075292283,0.605817458058,0.365078358381
0.14,0.999999827825,-0.000433166350901,-0.000197702888141,0.000342972745536,0.500143862057,0.49951299292,0.500289132119,0.500053668554,0.500143862057,0.49951299292,0.500289132119,0.500053668554,0.500066368866,0.499590510597,0.500211722708,0.500131163713,0.673998447256,0.213033200805,0.21355470993,0.674342149297,0.366901878531,0.60418545421,0.604804252142,0.366817072997,0.366901878531,0.60418545421,0.604804252142,0.366817072997,0.366901878531,0.60418545421,0.604804252142,0.366817072997,0.5000662714,0.499590608078,0.500211625348,0.500131261166,0.674069531297,0.21280817289,0.213329304413,0.674413490677,0.366305457847,0.604547238041,0.605165809337,0.366220277618,0.366305457847,0.604547238041,0.605165809337,0.366220277618,0.366305457847,0.604547238041,0.605165809337,0.366220277618,0.500238336209,0.499418456434,0.50038350411,0.499959159506,0.674101889167,0.212705972322,0.213691094757,0.674298842044,0.367032772551,0.604106059822,0.604976958066,0.366531980282,0.367032772551,0.604106059822,0.604976958066,0.366531980282,0.367032772551,0.604106059822,0.604976958066,0.366531980282,0.500238079527,0.499418713334,0.500383247706,0.499959416332,0.674267298126,0.212181050319,0.213165326646,0.674465237117,0.366194597689,0.604614508642,0.605484336258,0.365693219939,0.366194597689,0.604614508642,0.605484336258,0.365693219939,0.366194597689,0.604614508642,0.605484336258,0.365693219939
0.15,0.999999706622,-0.000507059411481,-0.000421123601366,0.0003902594219,0.500268815004,0.499340632093,0.500237951029,0.500152015117,0.500268815004,0.499340632093,0.500237951029,0.500152015117,0.500183019654,0.499426427479,0.500152294852,0.500237815784,0.673629352912,0.214087142326,0.214706856599,0.674011243315,0.367934155293,0.603518240804,0.604236486461,0.367815794679,0.367934155293,0.603518240804,0.604236486461,0.367815794679,0.367934155293,0.603518240804,0.604236486461,0.367815794679,0.500182886182,0.499426560928,0.500152161596,0.500237949241,0.673716745186,0.213811965627,0.21443116423,0.674099003424,0.367240216868,0.603940752478,0.604658665978,0.367121353598,0.367240216868,0.603940752478,0.604658665978,0.367121353598,0.367240216868,0.603940752478,0.604658665978,0.367121353598,0.500379010964,0.49923039293,0.500347968203,0.500041769132,0.673823907673,0.213474779041,0.214622345143,0.674037913716,0.367890464828,0.603545148043,0.604551040352,0.367298107497,0.367890464828,0.603545148043,0.604551040352,0.367298107497,0.367890464828,0.603545148043,0.604551040352,0.367298107497,0.500378663255,0.499230740851,0.500347621058,0.500042117076,0.674018831491,0.212858530597,0.214004963107,0.674234185216,0.366921931753,0.604134451303,0.605138883452,0.366328803786,0.366921931753,0.604134451303,0.605138883452,0.366328803786,0.366921931753,0.604134451303,0.605138883452,0.366328803786
0.16,0.999999517561,-0.000584727721508,-0.000656341389284,0.000438392132102,0.500401097167,0.499160028159,0.500183148115,0.50025476168,0.500401097167,0.499160028159,0.500183148115,0.50025476168,0.500307883237,0.499253211398,0.500090138154,0.500347985507,0.673251539455,0.215160664948,0.215886590331,0.673669973352,0.36900311585,0.602825387332,0.603648308322,0.368845459157,0.36900311585,0.602825387332,0.603648308322,0.368845459157,0.36900311585,0.602825387332,0.603648308322,0.368845459157,0.500307705004,0.499253389539,0.500089960311,0.500348163726,0.673356931108,0.214830607643,0.215555848,0.673775875007,0.368206904282,0.60331204388,0.604134494358,0.368048592003,0.368206904282,0.60331204388,0.604134494358,0.368048592003,0.368206904282,0.60331204388,0.604134494358,0.368048592003,0.50052840432,0.499032706858,0.500310176646,0.500127384872,0.673541921332,0.214251268966,0.215570503694,0.673770756186,0.368776940857,0.602964255937,0.604111182326,0.368086067847,0.368776940857,0.602964255937,0.604111182326,0.368086067847,0.368776940857,0.602964255937,0.604111182326,0.368086067847,0.500527945617,0.499033165728,0.500309718948,0.500127843942,0.673768330538,0.213538197062,0.214855953,0.673998957433,0.36767276231,0.603638190223,0.604783178527,0.366980901588,0.36767276231,0.603638190223,0.604783178527,0.366980901588,0.36767276231,0.603638190223,0.604783178527,0.366980901588
0.17,0.999999255351,-0.000665477902586,-0.00089958114361,0.000487021726691,0.500538646233,0.498973587289,0.500126087021,0.500360190159,0.500538646233,0.498973587289,0.500126087021,0.500360190159,0.50043909415,0.49907307302,0.500026810798,0.500459757938,0.672868212898,0.216244276778,0.217083849673,0.673321158916,0.370099537705,0.602112573658,0.603044781403,0.369896975461,0.370099537705,0.602112573658,0.603044781403,0.369896975461,0.370099537705,0.602112573658,0.603044781403,0.369896975461,0.500438861375,0.499073305593,0.500026578669,0.500459990703,0.672993175597,0.215855053057,0.216693737721,0.673446809854,0.36919709467,0.602666345184,0.60359790618,0.368993698219,0.36919709467,0.602666345184,0.60359790618,0.368993698219,0.36919709467,0.602666345184,0.60359790618,0.368993698219,0.500684474603,0.498827784695,0.500271511229,0.50021426725,0.673257625959,0.21503086053,0.216529946797,0.67349883463,0.36968656604,0.602366951934,0.603660076549,0.368890783414,0.36968656604,0.602366951934,0.603660076549,0.368890783414,0.36968656604,0.602366951934,0.603660076549,0.368890783414,0.500683883351,0.498828376014,0.500270921616,0.500214859057,0.673517271293,0.214216210953,0.215713412465,0.673760806161,0.368442487379,0.603128703726,0.604419316546,0.367645467838,0.368442487379,0.603128703726,0.604419316546,0.367645467838,0.368442487379,0.603128703726,0.604419316546,0.367645467838
0.18,0.999998918462,-0.000748541169202,-0.00114703888043,0.000535782677093,0.500679357815,0.498783777868,0.500068101817,0.500466599425,0.500679357815,0.498783777868,0.500068101817,0.500466599425,0.500574726523,0.498888304017,0.499963822324,0.500571253318,0.672482347903,0.217329446871,0.218289370078,0.672967424317,0.371214415332,0.601385445923,0.60243083041,0.370961585415,0.371214415332,0.601385445923,0.60243083041,0.370961585415,0.371214415332,0.601385445923,0.60243083041,0.370961585415,0.500574428526,0.498888601652,0.499963525329,0.500571551317,0.67262830034,0.216877303871,0.217836099924,0.673114283177,0.370202665734,0.60200878867,0.603053307724,0.36994879739,0.370202665734,0.60200878867,0.603053307724,0.36994879739,0.370202665734,0.60200878867,0.603053307724,0.36994879739,0.500845109632,0.498618103219,0.500233296233,0.500300722206,0.67297247271,0.215809841469,0.217495733862,0.673223416892,0.370613797599,0.601756802811,0.603200293982,0.369707409502,0.370613797599,0.601756802811,0.603200293982,0.369707409502,0.370613797599,0.601756802811,0.603200293982,0.369707409502,0.50084436309,0.498618849659,0.500232552202,0.500301469559,0.673266845541,0.214889711176,0.21657325041,0.67352074499,0.369226698489,0.602608893394,0.604049197857,0.368318793023,0.369226698489,0.602608893394,0.604049197857,0.368318793023,0.369226698489,0.602608893394,0.604049197857,0.368318793023
0.19,0.999998508991,-0.000833069567674,-0.00139518337645,0.000584358775998,0.500821201477,0.498592948635,0.500010377082,0.500572490788,0.500821201477,0.498592948635,0.500010377082,0.500572490788,0.500712907478,0.498701097657,0.49990251131,0.500680815158,0.672096626397,0.218408620033,0.219494716829,0.672611231519,0.372339316321,0.600649343661,0.601811039557,0.372031278454,0.372339316321,0.600649343661,0.601811039557,0.372031278454,0.372339316321,0.600649343661,0.601811039557,0.372031278454,0.500712532854,0.498701471698,0.499902138167,0.500681189805,0.672264785336,0.217890469797,0.218975163717,0.672780558016,0.371216110742,0.601344158994,0.602504724639,0.370906805487,0.371216110742,0.601344158994,0.602504724639,0.370906805487,0.371216110742,0.601344158994,0.602504724639,0.370906805487,0.501008273326,0.498406017079,0.500196709063,0.500385256019,0.672687730776,0.216585005632,0.218463350554,0.672945701125,0.371553314398,0.601137240871,0.602734271515,0.370531442848,0.371553314398,0.601137240871,0.602734271515,0.370531442848,0.371553314398,0.601137240871,0.602734271515,0.370531442848,0.501007348035,0.49840694202,0.500195787432,0.50038618246,0.673018026853,0.21555643848,0.217431899105,0.673279679341,0.370021220795,0.602081505114,0.603674569796,0.368997521866,0.370021220795,0.602081505114,0.603674569796,0.368997521866,0.370021220795,0.602081505114,0.603674569796,0.368997521866
0.2,0.999998031692,-0.000918190507855,-0.0016411992431,0.000632457760069,0.500962481739,0.498403092091,0.499953740461,0.500676749094,0.500962481739,0.498403092091,0.499953740461,0.500676749094,0.500852086617,0.498513303525,0.499843846631,0.500787182867,0.67171344018,0.219475239473,0.220692394966,0.672254818014,0.373466848273,0.599909026188,0.601189400381,0.37309915359,0.373466848273,0.599909026188,0.601189400381,0.37309915359,0.373466848273,0.599909026188,0.601189400381,0.37309915359,0.500851623445,0.498513765825,0.499843385562,0.500787646099,0.671904802896,0.218888691507,0.220104131329,0.67244765443,0.372230956392,0.600676650559,0.60195558082,0.371861742178,0.372230956392,0.600676650559,0.60195558082,0.371861742178,0.372230956392,0.600676650559,0.60195558082,0.371861742178,0.501172262604,0.498193526467,0.500162568565,0.500466760524,0.672404663018,0.217353159095,0.21942826679,0.672666937731,0.372500044978,0.600511567839,0.602264317834,0.371358674124,0.372500044978,0.600511567839,0.602264317834,0.371358674124,0.372500044978,0.600511567839,0.602264317834,0.371358674124,0.501171134899,0.498194653484,0.500161445982,0.500467889816,0.672771770843,0.21621416136,0.218285792041,0.673038552965,0.37082210773,0.601549153133,0.603297052801,0.369678572366,0.37082210773,0.601549153133,0.603297052801,0.369678572366,0.37082210773,0.601549153133,0.603297052801,0.369678572366
0.21,0.999997494191,-0.00100307763727,-0.00188237927656,0.000679775316928,0.501101587792,0.49821613098,0.499898984037,0.500778285574,0.501101587792,0.49821613098,0.499898984037,0.500778285574,0.500990756468,0.498326743251,0.499788719732,0.50088916391,0.671334908883,0.220523742988,0.221875847073,0.671900161765,0.374590050508,0.599169070602,0.600569674951,0.374158769004,0.374590050508,0.599169070602,0.600569674951,0.374158769004,0.374590050508,0.599169070602,0.600569674951,0.374158769004,0.500990192581,0.498327305899,0.499788158729,0.500889727911,0.671550256025,0.219867074615,0.221217113817,0.672117334762,0.373241147277,0.60001026895,0.601409065205,0.372808073173,0.373241147277,0.60001026895,0.601409065205,0.372808073173,0.373241147277,0.60001026895,0.601409065205,0.372808073173,0.50133541023,0.497982610217,0.500131610011,0.500544202882,0.672124302654,0.218111887368,0.220386658749,0.672388166922,0.373449142628,0.599882998175,0.601792597056,0.372185164266,0.373449142628,0.599882998175,0.601792597056,0.372185164266,0.373449142628,0.599882998175,0.601792597056,0.372185164266,0.501334056821,0.497983962507,0.500130263528,0.500545558427,0.672528802732,0.216861414129,0.219132056955,0.672798096142,0.371625635891,0.601014351069,0.602918112053,0.37035913208,0.371625635891,0.601014351069,0.602918112053,0.37035913208,0.371625635891,0.601014351069,0.602918112053,0.37035913208
0.22,0.999996906201,-0.00108691686787,-0.00211637163416,0.000726065542883,0.501237064478,0.498033776078,0.499846758592,0.500876213255,0.501237064478,0.498033776078,0.499846758592,0.500876213255,0.501127527841,0.498143063718,0.499737843533,0.500985804839,0.670962837065,0.221549503199,0.223039392322,0.671549043914,0.375702631451,0.598433658655,0.599955248531,0.375204462486,0.375702631451,0.598433658655,0.599955248531,0.375204462486,0.375702631451,0.598433658655,0.599955248531,0.375204462486,0.501126851105,0.498143738767,0.499737170637,0.500986481766,0.67120270951,0.220821711156,0.222309151287,0.671791140074,0.374241263979,0.599348631188,0.600867998114,0.373741011224,0.374241263979,0.599348631188,0.600867998114,0.373741011224,0.374241263979,0.599348631188,0.600867998114,0.373741011224,0.50149619587,0.497775043618,0.500104419237,0.500616760945,0.671847512653,0.218859197347,0.221335144023,0.672110352174,0.37439606914,0.599254546861,0.601321134787,0.373007324777,0.37439606914,0.599254546861,0.601321134787,0.373007324777,0.37439606914,0.599254546861,0.601321134787,0.373007324777,0.501494594385,0.497776643459,0.500102826842,0.500618365238,0.672289671062,0.217497156657,0.219968268478,0.67255895347,0.372428318889,0.600479443662,0.602539107405,0.371036668103,0.372428318889,0.600479443662,0.602539107405,0.371036668103,0.372428318889,0.600479443662,0.602539107405,0.371036668103
0.23,0.999996277939,-0.00116903160252,-0.00234157048837,0.000771052446855,0.501367913689,0.4978573117,0.499797395853,0.500969934635,0.501367913689,0.4978573117,0.499797395853,0.500969934635,0.501261453542,0.497963500142,0.499691597128,0.501076456719,0.670598810621,0.222548708095,0.224178296903,0.671202949127,0.376799516905,0.597706296053,0.599348869768,0.376231630817,0.376799516905,0.597706296053,0.599348869768,0.376231630817,0.376799516905,0.597706296053,0.599348869768,0.376231630817,0.501260652079,0.497964299389,0.499690800645,0.501077258477,0.670863566414,0.221749318031,0.223376041009,0.671470371286,0.375226985807,0.598694741843,0.600334627532,0.374656709798,0.375226985807,0.598694741843,0.600334627532,0.374656709798,0.375226985807,0.598694741843,0.600334627532,0.374656709798,0.50165352504,0.497572206541,0.500081232394,0.500683933335,0.671575227436,0.219592973023,0.222270306336,0.671834466974,0.375336707779,0.598629030118,0.600851771406,0.373821867861,0.375336707779,0.598629030118,0.600851771406,0.373821867861,0.375336707779,0.598629030118,0.600851771406,0.373821867861,0.501651654492,0.497574074831,0.500079373471,0.500685807499,0.672055044208,0.218120058574,0.220791801266,0.672321826283,0.373226990757,0.599946627433,0.602161265877,0.371708847729,0.373226990757,0.599946627433,0.602161265877,0.371708847729,0.373226990757,0.599946627433,0.602161265877,0.371708847729
0.24,0.999995620704,-0.00124890050486,-0.00255645564238,0.000814465517459,0.501493255565,0.49768789952,0.499751265645,0.501058820679,0.501493255565,0.49768789952,0.499751265645,0.501058820679,0.501391640562,0.497789228834,0.499650334233,0.501160503165,0.670244161174,0.223518361619,0.225288682757,0.670863112605,0.377876063287,0.596990263206,0.598753085152,0.37723606595,0.377876063287,0.596990263206,0.598753085152,0.37723606595,0.377876063287,0.596990263206,0.598753085152,0.37723606595,0.501390703011,0.497790163558,0.499649402989,0.501161441147,0.670534006533,0.222647322201,0.224414330807,0.671156110102,0.376194329108,0.59805142818,0.599811048214,0.375551624201,0.376194329108,0.59805142818,0.599811048214,0.375551624201,0.376194329108,0.59805142818,0.599811048214,0.375551624201,0.501806359764,0.497375417445,0.500062263087,0.500745249062,0.671308162165,0.220311779051,0.223189457375,0.671561268641,0.376267264488,0.598009092116,0.600386201387,0.374625787428,0.376267264488,0.598009092116,0.600386201387,0.374625787428,0.376267264488,0.598009092116,0.600386201387,0.374625787428,0.501804201011,0.497377573244,0.500060118862,0.50074741238,0.671825404244,0.218729359554,0.221600648454,0.67208723101,0.374018710285,0.599417976771,0.601785720422,0.372373522391,0.374018710285,0.599417976771,0.601785720422,0.372373522391,0.374018710285,0.599417976771,0.601785720422,0.372373522391
0.25,0.999994946318,-0.00132602120039,-0.00275972803817,0.00085609992319,0.501612297714,0.497526548578,0.499708669805,0.501142376539,0.501612297714,0.497526548578,0.499708669805,0.501142376539,0.501517241362,0.497621315042,0.499614299269,0.501237503983,0.669899939582,0.224456204002,0.226367352363,0.670530614675,0.378928099464,0.596288530834,0.598170157792,0.378214153305,0.378928099464,0.596288530834,0.598170157792,0.378214153305,0.378928099464,0.596288530834,0.598170157792,0.378214153305,0.50151615715,0.497622395741,0.499613222879,0.501238588798,0.670214903017,0.223513955713,0.225421318537,0.670849256185,0.377139756195,0.597421215661,0.599299080865,0.376422777006,0.377139756195,0.597421215661,0.599299080865,0.376422777006,0.377139756195,0.597421215661,0.599299080865,0.376422777006,0.501953740682,0.497185850708,0.500047648804,0.500800380389,0.671046844322,0.221014616379,0.224090378007,0.671291422973,0.37718425044,0.597397161985,0.599925979401,0.37541642387,0.37718425044,0.597397161985,0.599925979401,0.37541642387,0.37718425044,0.597397161985,0.599925979401,0.37541642387,0.501951276867,0.497188310806,0.500045202772,0.500802849865,0.67160103922,0.219324747509,0.222393285134,0.671855584167,0.374800769815,0.598895386272,0.601413501562,0.373028818441,0.374800769815,0.598895386272,0.601413501562,0.373028818441,0.374800769815,0.598895386272,0.601413501562,0.373028818441
0.26,0.999994265561,-0.00140005913512,-0.00295064587431,0.000895750570652,0.501724609897,0.49737390499,0.499669714799,0.501220301435,0.501724609897,0.49737390499,0.499669714799,0.501220301435,0.50163775096,0.497460480242,0.499583522396,0.501307232701,0.669567021797,0.2253605243,0.227411831843,0.670206308644,0.379952450087,0.59560347402,0.597601848575,0.379163115278,0.379952450087,0.59560347402,0.597601848575,0.379163115278,0.379952450087,0.59560347402,0.597601848575,0.379163115278,0.501636510442,0.497461716493,0.499582291396,0.501308474035,0.669907013825,0.224347812141,0.226394838672,0.670550541748,0.378060575266,0.596806123807,0.598800133955,0.377267877762,0.378060575266,0.596806123807,0.598800133955,0.377267877762,0.378060575266,0.596806123807,0.598800133955,0.377267877762,0.502095050574,0.497004337668,0.500037312199,0.500849213773,0.670791844402,0.221700367512,0.224970903759,0.671025588923,0.378084640863,0.596795405324,0.599472486933,0.376191421937,0.378084640863,0.596795405324,0.599472486933,0.376191421937,0.378084640863,0.596795405324,0.599472486933,0.376191421937,0.502092267335,0.49700711638,0.500034550326,0.500852003919,0.671382339933,0.219905598556,0.223168048155,0.671627354738,0.375570770387,0.598380577125,0.601045557378,0.37367301121,0.375570770387,0.598380577125,0.601045557378,0.37367301121,0.375570770387,0.598380577125,0.601045557378,0.37367301121
0.27,0.999993589476,-0.00147079115581,-0.0031283899066,0.000933250935819,0.501829759699,0.497230578739,0.499634620933,0.501292219581,0.501829759699,0.497230578739,0.499634620933,0.501292219581,0.501752596296,0.497307475175,0.499558082712,0.501369453838,0.669246051917,0.226230225097,0.22842025375,0.669890882847,0.380946109837,0.594937353135,0.597049832045,0.380080393207,0.380946109837,0.594937353135,0.597049832045,0.380080393207,0.380946109837,0.594937353135,0.597049832045,0.380080393207,0.501751190987,0.497308875403,0.499556688789,0.501370860218,0.669610869171,0.225148082602,0.22733331663,0.670260537357,0.378954203991,0.596208089922,0.598315563135,0.378084794325,0.378954203991,0.596208089922,0.598315563135,0.378084794325,0.378954203991,0.596208089922,0.598315563135,0.378084794325,0.502229624233,0.496831718854,0.500031245032,0.500891606712,0.670543476219,0.222368610233,0.225829611879,0.670764216459,0.378965693277,0.596205799733,0.599026976015,0.376948709628,0.378965693277,0.596205799733,0.599026976015,0.376948709628,0.378965693277,0.596205799733,0.599026976015,0.376948709628,0.502226509999,0.496834827719,0.50002815604,0.500894729246,0.671169456479,0.220471934882,0.223923967375,0.67140281758,0.37632650871,0.597875130962,0.600682756232,0.374304572488,0.37632650871,0.597875130962,0.600682756232,0.374304572488,0.37632650871,0.597875130962,0.600682756232,0.374304572488
0.28,0.99999292895,-0.00153796544995,-0.00329222147025,0.000968499156822,0.501927308254,0.497097121436,0.499603586146,0.501357842063,0.501927308254,0.497097121436,0.499603586146,0.501357842063,0.501861162447,0.497163027121,0.499538002453,0.501424054267,0.668937432771,0.227064776982,0.229391218435,0.669584921422,0.381906312035,0.594292243544,0.596515597073,0.380963831014,0.381906312035,0.594292243544,0.596515597073,0.380963831014,0.381906312035,0.594292243544,0.596515597073,0.380963831014,0.501859585305,0.497164598325,0.499536438714,0.501425632778,0.669326715083,0.225914651288,0.228235771283,0.669979665002,0.37981831858,0.595628849252,0.597846522947,0.378871817123,0.37981831858,0.595628849252,0.597846522947,0.378871817123,0.37981831858,0.595628849252,0.597846522947,0.378871817123,0.502356788314,0.496668777909,0.500029415615,0.500927505538,0.670301851495,0.223019383904,0.226665529617,0.670507658397,0.379824897603,0.595630141007,0.598590566958,0.377686530649,0.379824897603,0.595630141007,0.598590566958,0.377686530649,0.379824897603,0.595630141007,0.598590566958,0.377686530649,0.502353334646,0.496672225362,0.500025991309,0.500930969037,0.670962313739,0.221024310467,0.224660593288,0.671182125468,0.377065991439,0.597380456975,0.600325845945,0.374922267163,0.377065991439,0.597380456975,0.600325845945,0.374922267163,0.377065991439,0.597380456975,0.600325845945,0.374922267163
0.29,0.999992293183,-0.00160146000676,-0.00344181192788,0.00100141471217,0.5020170751,0.496973803268,0.49957667809,0.501417029908,0.5020170751,0.496973803268,0.49957667809,0.501417029908,0.501963078498,0.497027595905,0.499523159958,0.501471085307,0.668641418131,0.227864032324,0.230323856699,0.669288844796,0.382831020768,0.593669750623,0.596000262001,0.381811896656,0.382831020768,0.593669750623,0.596000262001,0.381811896656,0.382831020768,0.593669750623,0.596000262001,0.381811896656,0.501961324009,0.497029343573,0.499521421015,0.501472841511,0.669054689935,0.226647658382,0.229101626178,0.66970822431,0.380651199884,0.595069746501,0.597393877061,0.379627734072,0.380651199884,0.595069746501,0.597393877061,0.379627734072,0.380651199884,0.595069746501,0.597393877061,0.379627734072,0.502476124804,0.496516020152,0.500031659156,0.500957009708,0.670067095382,0.223652636811,0.227477770304,0.670256256779,0.380660129317,0.595069979258,0.59816424895,0.3784033787,0.380660129317,0.595069979258,0.59816424895,0.3784033787,0.380660129317,0.595069979258,0.59816424895,0.3784033787,0.502472326408,0.496519811504,0.500027894432,0.500960819594,0.670760897855,0.221563038276,0.225377412341,0.670965468549,0.377787465704,0.596897807651,0.599975531994,0.375524964533,0.377787465704,0.596897807651,0.599975531994,0.375524964533,0.377787465704,0.596897807651,0.599975531994,0.375524964533
0.3,0.999991691559,-0.00166120867528,-0.0035766270357,0.00103195807783,0.502098784494,0.496860948885,0.499554115741,0.501469533998,0.502098784494,0.496860948885,0.499554115741,0.501469533998,0.502057820984,0.496901752604,0.499513528686,0.50151054556,0.668358061486,0.22862832064,0.231217720712,0.669002958347,0.383718163403,0.593071478346,0.59550494597,0.382623120018,0.383718163403,0.593071478346,0.59550494597,0.382623120018,0.383718163403,0.593071478346,0.59550494597,0.382623120018,0.502055885397,0.496903680477,0.499511610886,0.501512483252,0.668794716254,0.227347767183,0.229930772605,0.669446383272,0.381451077915,0.594532131083,0.59695849728,0.380351380689,0.381451077915,0.594532131083,0.59695849728,0.380351380689,0.381451077915,0.594532131083,0.59695849728,0.380351380689,0.502587085409,0.496374039945,0.500037928111,0.500980143817,0.669839059515,0.224269035536,0.228266168072,0.670010142134,0.381469472415,0.594526708876,0.597748892594,0.379098002436,0.381469472415,0.594526708876,0.597748892594,0.379098002436,0.381469472415,0.594526708876,0.597748892594,0.379098002436,0.502582940342,0.496378177182,0.500033821154,0.500984302145,0.670564918908,0.222089162805,0.226074645133,0.670752821926,0.378489348456,0.596428302322,0.599632424889,0.37611174977,0.378489348456,0.596428302322,0.599632424889,0.37611174977,0.378489348456,0.596428302322,0.599632424889,0.37611174977
0.31,0.999991133171,-0.00171713723607,-0.00369610235314,0.00106011623163,0.502172128162,0.496758888675,0.499536142246,0.50151510726,0.502172128162,0.496758888675,0.499536142246,0.50151510726,0.502144801696,0.496786105832,0.499509074932,0.501542468035,0.668087220387,0.229358459128,0.23207276969,0.668727442797,0.384565789914,0.592498936747,0.595030648143,0.383396258397,0.384565789914,0.592498936747,0.595030648143,0.383396258397,0.384565789914,0.592498936747,0.595030648143,0.383396258397,0.502142683288,0.496788215643,0.499506976614,0.501544588978,0.668546494866,0.228016205089,0.230723585781,0.669194158211,0.382216333164,0.594017239012,0.596541117367,0.381041847715,0.382216333164,0.594017239012,0.596541117367,0.381041847715,0.382216333164,0.594017239012,0.596541117367,0.381041847715,0.50268907196,0.496243454559,0.500048182373,0.500996952131,0.669617393087,0.224869775951,0.229031043585,0.669769297455,0.38225120387,0.594001587877,0.597345229582,0.379769413506,0.38225120387,0.594001587877,0.597345229582,0.379769413506,0.38225120387,0.594001587877,0.597345229582,0.379769413506,0.5026845819,0.496247936076,0.500043734915,0.501001457316,0.670373867871,0.222604313109,0.226753054352,0.670543995128,0.379170262361,0.595972914721,0.599296988406,0.376681983573,0.379170262361,0.595972914721,0.599296988406,0.376681983573,0.379170262361,0.595972914721,0.599296988406,0.376681983573
0.32,0.999990625038,-0.00176938053651,-0.00379998696194,0.00108592254381,0.502237034894,0.496667667498,0.499522970681,0.501553577003,0.502237034894,0.496667667498,0.499522970681,0.501553577003,0.502223625021,0.496681022723,0.49950969144,0.501567004791,0.667828583351,0.230055626147,0.232889510333,0.668462316151,0.385372523627,0.591953229483,0.594578106509,0.38413053432,0.385372523627,0.591953229483,0.594578106509,0.38413053432,0.385372523627,0.591953229483,0.594578106509,0.38413053432,0.502221324025,0.49668331427,0.499507412859,0.501569308789,0.668309608548,0.228654411947,0.231480839166,0.668951454232,0.382945745726,0.593526013592,0.596142323204,0.381698516508,0.382945745726,0.593526013592,0.596142323204,0.381698516508,0.382945745726,0.593526013592,0.596142323204,0.381698516508,0.502781703666,0.496124615437,0.500062332248,0.50100757308,0.669401703814,0.225456058943,0.229772972635,0.669533647746,0.383003953775,0.593495616644,0.596953915137,0.38041680775,0.383003953775,0.593495616644,0.596953915137,0.38041680775,0.383003953775,0.593495616644,0.596953915137,0.38041680775,0.502776873539,0.496129436404,0.500057549197,0.501012420263,0.670187258756,0.223109929035,0.227413462339,0.670338806064,0.379828973945,0.595532495154,0.598969742242,0.377235000558,0.379828973945,0.595532495154,0.598969742242,0.377235000558,0.379828973945,0.595532495154,0.598969742242,0.377235000558
0.33,0.999990172722,-0.0018181466353,-0.00388814696581,0.00110955627956,0.50229345492,0.496587161421,0.499514864439,0.501584864666,0.50229345492,0.496587161421,0.499514864439,0.501584864666,0.502293849569,0.4965867684,0.499515255156,0.501584469458,0.667581610623,0.230721310291,0.233668750341,0.668207591433,0.386137150321,0.591435229765,0.594147954137,0.384825517254,0.386137150321,0.591435229765,0.594147954137,0.384825517254,0.386137150321,0.591435229765,0.594147954137,0.384825517254,0.502291368224,0.496589239496,0.499512798534,0.501586954301,0.668083373787,0.229264251565,0.23220372052,0.66871813255,0.383638170008,0.593059226291,0.595762655357,0.382321026241,0.383638170008,0.593059226291,0.595762655357,0.382321026241,0.383638170008,0.593059226291,0.595762655357,0.382321026241,0.502864630721,0.496017695781,0.500080347699,0.501012229878,0.669191431497,0.226029244499,0.230492881982,0.669303100245,0.383726572339,0.593009535369,0.596575586423,0.381039602044,0.383726572339,0.593009535369,0.596575586423,0.381039602044,0.383726572339,0.593009535369,0.596575586423,0.381039602044,0.502859468324,0.496022848523,0.500075236766,0.501017411308,0.670004442369,0.223607599033,0.228057030114,0.670137060515,0.380464285851,0.595107753547,0.598651306633,0.377770170774,0.380464285851,0.595107753547,0.598651306633,0.377770170774,0.380464285851,0.595107753547,0.598651306633,0.377770170774
0.34,0.999989779114,-0.00186370551818,-0.00396085716794,0.00113131788502,0.502341511855,0.496516949271,0.499511972777,0.501609124324,0.502341511855,0.496516949271,0.499511972777,0.501609124324,0.502355182077,0.496503335833,0.499525504222,0.50159543377,0.667345600043,0.231357173123,0.23441154675,0.667963273914,0.386858939703,0.59094538853,0.593740552665,0.385481341531,0.386858939703,0.59094538853,0.593740552665,0.385481341531,0.386858939703,0.59094538853,0.593740552665,0.385481341531,0.50235252452,0.496505982409,0.499522873645,0.501598095338,0.667866927882,0.229847810738,0.232893716126,0.668494029539,0.384292835981,0.592617301193,0.595402458107,0.382909471574,0.384292835981,0.592617301193,0.595402458107,0.382909471574,0.384292835981,0.592617301193,0.595402458107,0.382909471574,0.502937715232,0.495922533618,0.500102122083,0.501011339927,0.668986023077,0.226590391854,0.231191639883,0.669077664323,0.384418168102,0.592543818452,0.596210861303,0.381637398734,0.384418168102,0.592543818452,0.596210861303,0.381637398734,0.384418168102,0.592543818452,0.596210861303,0.381637398734,0.502932230623,0.495928008213,0.500096693182,0.501016845563,0.669824795001,0.22409855406,0.228684801219,0.669938686569,0.381075068295,0.594699260344,0.598342406603,0.378286857465,0.381075068295,0.594699260344,0.598342406603,0.378286857465,0.381075068295,0.594699260344,0.598342406603,0.378286857465
0.35,0.999989443582,-0.0019065952637,-0.00401888347993,0.00115160551503,0.502381658303,0.496456179662,0.499514380543,0.501626668656,0.502381658303,0.496456179662,0.499514380543,0.501626668656,0.502407633871,0.496430312137,0.499540088366,0.501600652646,0.667119750995,0.231964918066,0.235119341022,0.667729294023,0.387537887832,0.590483590691,0.593355980561,0.38609868551,0.387537887832,0.590483590691,0.593355980561,0.38609868551,0.387537887832,0.590483590691,0.593355980561,0.38609868551,0.502404805631,0.496433128743,0.499537289279,0.501603485419,0.667659381349,0.230407010595,0.233552487307,0.668278980395,0.384909417541,0.592200287338,0.595061981507,0.383464207105,0.384909417541,0.592200287338,0.595061981507,0.383464207105,0.384909417541,0.592200287338,0.595061981507,0.383464207105,0.503001175101,0.495838510498,0.500127509942,0.501005452219,0.668785024217,0.227140049373,0.231870079406,0.668857425488,0.385078261836,0.592098592219,0.595860367756,0.382209905015,0.385078261836,0.592098592219,0.595860367756,0.382209905015,0.385078261836,0.592098592219,0.595860367756,0.382209905015,0.502995379372,0.495844296005,0.500121773984,0.501011270968,0.66964789053,0.224583214551,0.229297480859,0.669743792597,0.38166024895,0.594307472543,0.598044006363,0.378784171928,0.38166024895,0.594307472543,0.598044006363,0.378784171928,0.38166024895,0.594307472543,0.598044006363,0.378784171928
0.36,0.999989165019,-0.00194724950231,-0.00406291682447,0.00117079892372,0.502414266109,0.496404099885,0.499522148413,0.501637815632,0.502414266109,0.496404099885,0.499522148413,0.501637815632,0.502451169042,0.496367349893,0.499558666322,0.501600852861,0.666903227104,0.232546358797,0.235793628641,0.667505536592,0.388174014349,0.590049707988,0.592994250426,0.38667828443,0.388174014349,0.590049707988,0.592994250426,0.38667828443,0.388174014349,0.590049707988,0.592994250426,0.38667828443,0.502448177091,0.496370329645,0.499555705588,0.501603849866,0.667459786235,0.23094395115,0.234181818034,0.668072751494,0.385487688857,0.591808175471,0.594741365014,0.383985720994,0.385487688857,0.591808175471,0.594741365014,0.383985720994,0.385487688857,0.591808175471,0.594741365014,0.383985720994,0.50305517263,0.495765081884,0.500156366272,0.500995095937,0.668587914284,0.227678993318,0.232529181569,0.668642398143,0.385706476549,0.591673927998,0.595524615332,0.382756984794,0.385706476549,0.591673927998,0.595524615332,0.382756984794,0.385706476549,0.591673927998,0.595524615332,0.382756984794,0.503049077899,0.495771166337,0.500150335166,0.501001215654,0.669473209333,0.225062316108,0.229896009322,0.669552388354,0.382218950626,0.593932738556,0.597756898261,0.37926147502,0.382218950626,0.593932738556,0.597756898261,0.37926147502,0.382218950626,0.593932738556,0.597756898261,0.37926147502
0.37,0.999988941792,-0.00198603133011,-0.00409361222612,0.00118924886515,0.502439668139,0.496360024685,0.499535304983,0.501642885776,0.502439668139,0.496360024685,0.499535304983,0.501642885776,0.502485748529,0.49631413369,0.499580900085,0.501596727955,0.666695159564,0.2331034341,0.236436019674,0.667291811598,0.388767441602,0.589643555994,0.592655283274,0.387220955569,0.388767441602,0.589643555994,0.592655283274,0.387220955569,0.388767441602,0.589643555994,0.592655283274,0.387220955569,0.502482601276,0.496317268275,0.499577785977,0.501599880766,0.667267156803,0.231460875367,0.234783624634,0.667875028902,0.386027576269,0.591440872559,0.594440628896,0.384474632901,0.386027576269,0.591440872559,0.594440628896,0.384474632901,0.386027576269,0.591440872559,0.594440628896,0.384474632901,0.503099852914,0.495701749322,0.500188535204,0.500980781036,0.66839412299,0.228208200193,0.233170078786,0.668432515723,0.386302570276,0.591269828827,0.595203989932,0.383278650704,0.386302570276,0.591269828827,0.595203989932,0.383278650704,0.386302570276,0.591269828827,0.595203989932,0.383278650704,0.503093472283,0.495708119782,0.500182221808,0.500987188575,0.669300168873,0.225536839159,0.230481522741,0.669364389405,0.382750502728,0.593575298115,0.597481710471,0.379718347965,0.382750502728,0.593575298115,0.597481710471,0.379718347965,0.382750502728,0.593575298115,0.597481710471,0.379718347965
0.38,0.999988769221,-0.00202354240869,-0.00411203345958,0.00120743035237,0.502458457267,0.4963228815,0.499553854364,0.501642345312,0.502458457267,0.4963228815,0.499553854364,0.501642345312,0.502511579601,0.496269974741,0.499606413371,0.501589130918,0.666494626267,0.233637943452,0.237048327183,0.66708793657,0.389318936512,0.589264406813,0.592338766655,0.387728010408,0.389318936512,0.589264406813,0.592338766655,0.387728010408,0.389318936512,0.589264406813,0.592338766655,0.387728010408,0.502508286226,0.496273255077,0.499603154921,0.501592430329,0.667080512856,0.231959718049,0.235359855381,0.667685567498,0.386529367102,0.591097935877,0.594159751187,0.384931771408,0.386529367102,0.591097935877,0.594159751187,0.384931771408,0.386529367102,0.591097935877,0.594159751187,0.384931771408,0.503135671862,0.4956475769,0.5002238855,0.500963112004,0.668203194009,0.228728040046,0.233793808487,0.668227828159,0.386866727095,0.590885911368,0.594898897206,0.383775034775,0.386866727095,0.590885911368,0.594898897206,0.383775034775,0.386866727095,0.590885911368,0.594898897206,0.383775034775,0.503129017961,0.495654220894,0.500217302201,0.500969794673,0.669128393707,0.226006876312,0.231054776919,0.669179926969,0.38325428844,0.593235253333,0.597219333238,0.380154116908,0.38325428844,0.593235253333,0.597219333238,0.380154116908,0.38325428844,0.593235253333,0.597219333238,0.380154116908
0.39,0.999988643255,-0.00206027286869,-0.00411900683405,0.00122573229323,0.50247109523,0.49629181563,0.499577820894,0.501636554756,0.50247109523,0.49629181563,0.499577820894,0.501636554756,0.502528795838,0.496234345233,0.499634906709,0.501578751507,0.666300750368,0.234151715975,0.237632357753,0.666893654576,0.389829171959,0.588911651035,0.592044405997,0.388200599294,0.389829171959,0.588911651035,0.592044405997,0.388200599294,0.389829171959,0.588911651035,0.592044405997,0.388200599294,0.502525366295,0.496237761461,0.499631513708,0.501582187522,0.666898921932,0.232442439317,0.23591244798,0.667504050338,0.38699335664,0.590778978626,0.593898665001,0.385357906419,0.38699335664,0.590778978626,0.593898665001,0.385357906419,0.38699335664,0.590778978626,0.593898665001,0.385357906419,0.503162967688,0.495601833327,0.500262319382,0.500942574111,0.668014615749,0.229239225254,0.234401597968,0.668028249118,0.387399187817,0.590521818842,0.594609604186,0.384246365448,0.387399187817,0.590521818842,0.594609604186,0.384246365448,0.387399187817,0.590521818842,0.594609604186,0.384246365448,0.50315605285,0.495608738681,0.500255478265,0.500949519503,0.668957431257,0.226472935562,0.231616791354,0.668998973532,0.383729911031,0.592912633325,0.5969704193,0.380568368503,0.383729911031,0.592912633325,0.5969704193,0.380568368503,0.383729911031,0.592912633325,0.5969704193,0.380568368503
0.4,0.999988560293,-0.00209656260483,-0.00411521119142,0.00124448569777,0.502477924094,0.4962661504,0.499607198805,0.501625847288,0.502477924094,0.4962661504,0.499607198805,0.501625847288,0.502537473105,0.496206834002,0.499666111538,0.501566190044,0.666112666697,0.234646647645,0.238189921977,0.666708652324,0.390298781857,0.5885847389,0.591771876678,0.388639822956,0.390298781857,0.5885847389,0.591771876678,0.388639822956,0.390298781857,0.5885847389,0.591771876678,0.388639822956,0.502533918168,0.496210375447,0.499662594587,0.501569751839,0.666721446506,0.23291111691,0.236443395247,0.667330087163,0.387419912121,0.590483604601,0.593657204483,0.385753869656,0.387419912121,0.590483604601,0.593657204483,0.385753869656,0.387419912121,0.590483604601,0.593657204483,0.385753869656,0.503181991348,0.495563933301,0.500303740883,0.500919592801,0.667827825086,0.229742735352,0.234994800638,0.667833598486,0.387900248321,0.59017719861,0.594336249093,0.384692987469,0.387900248321,0.59017719861,0.594336249093,0.384692987469,0.387900248321,0.59017719861,0.594336249093,0.384692987469,0.503174827811,0.495571087929,0.500296653936,0.500926788589,0.668786744403,0.226935896334,0.232168816669,0.668821373786,0.384177182542,0.592607376724,0.596735398951,0.38096096008,0.384177182542,0.592607376724,0.596735398951,0.38096096008,0.384177182542,0.592607376724,0.596735398951,0.38096096008
0.41,0.999988514337,-0.0021330063069,-0.00410163089164,0.00126416046697,0.502479495432,0.496244858336,0.499642025213,0.501610649694,0.502479495432,0.496244858336,0.499642025213,0.501610649694,0.502537880089,0.496186696063,0.499699785304,0.5015521571,0.665929489805,0.235124377475,0.238722935228,0.666532671308,0.390728935317,0.588282633928,0.591520704407,0.389047166785,0.390728935317,0.588282633928,0.591520704407,0.389047166785,0.390728935317,0.588282633928,0.591520704407,0.389047166785,0.502534210551,0.496190352023,0.499696155022,0.501555833824,0.666547189281,0.233367398484,0.236954619237,0.667163405927,0.38780963113,0.590211138676,0.593435258904,0.386120570905,0.38780963113,0.590211138676,0.593435258904,0.386120570905,0.38780963113,0.590211138676,0.593435258904,0.386120570905,0.503193258552,0.49553288592,0.500348150547,0.500894631399,0.667642367235,0.230238932313,0.235574703871,0.667643814033,0.388370619544,0.589851301902,0.594079019171,0.385115336622,0.388370619544,0.589851301902,0.594079019171,0.385115336622,0.388370619544,0.589851301902,0.594079019171,0.385115336622,0.503185856825,0.495540279462,0.500340828051,0.500902066983,0.668616003112,0.227395724367,0.232711736953,0.668647195766,0.384595928059,0.592319294974,0.596515013298,0.381331435673,0.384595928059,0.592319294974,0.596515013298,0.381331435673,0.384595928059,0.592319294974,0.596515013298,0.381331435673
0.42,0.999988507504,-0.00216922367188,-0.00407703768202,0.00128728087693,0.502473743888,0.496227482637,0.499683987288,0.501591801195,0.502473743888,0.496227482637,0.499683987288,0.501591801195,0.502526974334,0.496174449041,0.499736648441,0.501538471496,0.665748463085,0.235587409922,0.239232028464,0.666367460747,0.391116673382,0.588005264956,0.5912919853,0.389424375593,0.391116673382,0.588005264956,0.5912919853,0.389424375593,0.391116673382,0.588005264956,0.5912919853,0.389424375593,0.502523203803,0.496178205997,0.499732918237,0.501542249429,0.666372167075,0.23381727356,0.23745023448,0.667004500493,0.388159182065,0.589961720662,0.593234164178,0.386459369125,0.388159182065,0.589961720662,0.593234164178,0.386459369125,0.388159182065,0.589961720662,0.593234164178,0.386459369125,0.503195062169,0.495507875729,0.500397588691,0.500868174006,0.667455300078,0.230730899315,0.236146034263,0.667459156055,0.388810738065,0.589541801288,0.593838827258,0.385515397539,0.388810738065,0.589541801288,0.593838827258,0.385515397539,0.388810738065,0.589541801288,0.593838827258,0.385515397539,0.503187429024,0.495515501586,0.500390037235,0.500875842496,0.668441776105,0.227856957318,0.233251708896,0.668476206949,0.384984653891,0.592047310025,0.596311420357,0.38167982513,0.384984653891,0.592047310025,0.596311420357,0.38167982513,0.384984653891,0.592047310025,0.596311420357,0.38167982513
0.43,0.999988580367,-0.0021985550893,-0.00403079360077,0.00132596902188,0.502445979916,0.496216631328,0.499741155542,0.50157339395,0.502445979916,0.496216631328,0.499741155542,0.50157339395,0.50248628078,0.496176474463,0.499781025988,0.50153301973,0.665558555724,0.236041024159,0.239709439705,0.66622505832,0.391440282538,0.587756804631,0.591093189985,0.389775941498,0.391440282538,0.587756804631,0.591093189985,0.389775941498,0.391440282538,0.587756804631,0.591093189985,0.389775941498,0.502482441402,0.4961803004,0.499777227616,0.501536866376,0.666177972318,0.234287011208,0.237943477916,0.666857861088,0.388448375605,0.589738377514,0.593060413586,0.386776229122,0.388448375605,0.589738377514,0.593060413586,0.386776229122,0.388448375605,0.589738377514,0.593060413586,0.386776229122,0.503175350218,0.49548886992,0.500462733411,0.500841690742,0.667252881073,0.231232017639,0.236726050666,0.667282641506,0.389219359711,0.58923929206,0.593619593396,0.385902999541,0.389219359711,0.58923929206,0.593619593396,0.385902999541,0.389219359711,0.58923929206,0.593619593396,0.385902999541,0.503167483715,0.495496730348,0.500454950982,0.500849593774,0.668246495734,0.228344361421,0.233817280258,0.668307528762,0.385336297803,0.591785826164,0.596132377034,0.382010029448,0.385336297803,0.591785826164,0.596132377034,0.382010029448,0.385336297803,0.591785826164,0.596132377034,0.382010029448
0.44,0.999988835303,-0.00220045896197,-0.00394777293541,0.001379252724,0.502378907136,0.496230675341,0.49981038713,0.501557701,0.502378907136,0.496230675341,0.49981038713,0.501557701,0.502399486204,0.496210167127,0.499830747626,0.501537087392,0.665355539218,0.236499006615,0.240143819795,0.666108979159,0.391668438262,0.587559025263,0.590930389476,0.3900916573,0.391668438262,0.587559025263,0.590930389476,0.3900916573,0.391668438262,0.587559025263,0.590930389476,0.3900916573,0.502395658615,0.496213981664,0.49982696069,0.501540921533,0.665952868061,0.234811607286,0.238444351304,0.666719264711,0.388663606861,0.589550942749,0.592908376393,0.387078730762,0.388663606861,0.589550942749,0.592908376393,0.387078730762,0.388663606861,0.589550942749,0.592908376393,0.387078730762,0.50311737823,0.495493694806,0.500541011946,0.500816930116,0.6670251258,0.231772689119,0.237318849297,0.667112183893,0.389577067922,0.588957388967,0.593418767538,0.386281074431,0.389577067922,0.588957388967,0.593418767538,0.386281074431,0.389577067922,0.588957388967,0.593418767538,0.386281074431,0.503109356397,0.495501712091,0.500533075378,0.500824988667,0.668012532174,0.228910960938,0.234435352942,0.668131045613,0.385650424597,0.591535900168,0.595963156588,0.382344013697,0.385650424597,0.591535900168,0.595963156588,0.382344013697,0.385650424597,0.591535900168,0.595963156588,0.382344013697
0.45,0.999989307821,-0.0021689368442,-0.00382047053736,0.00144359325637,0.502267560871,0.496278153592,0.499890683795,0.501542217385,0.502267560871,0.496278153592,0.499890683795,0.501542217385,0.502263478489,0.496282222498,0.499886644261,0.501546305638,0.665139637204,0.236968160755,0.240537242401,0.666015907338,0.391792526086,0.587420856537,0.590806427338,0.390362804612,0.391792526086,0.587420856537,0.590806427338,0.390362804612,0.391792526086,0.587420856537,0.590806427338,0.390362804612,0.502259746203,0.496285942405,0.499882951148,0.501550043233,0.665696408633,0.235399407006,0.238956519356,0.666584722726,0.388801706452,0.589404633801,0.592777196223,0.387363661631,0.388801706452,0.589404633801,0.592777196223,0.387363661631,0.388801706452,0.589404633801,0.592777196223,0.387363661631,0.503016212398,0.495530855031,0.50063147443,0.500791362333,0.666769036121,0.232368652561,0.237930670236,0.66694291955,0.389878130764,0.588702965318,0.593234386201,0.386648192554,0.389878130764,0.588702965318,0.593234386201,0.386648192554,0.389878130764,0.588702965318,0.593234386201,0.386648192554,0.503008141009,0.495538923713,0.500623487826,0.500799469449,0.667735232507,0.229577163726,0.235116932727,0.667940126889,0.385929200127,0.591299135232,0.595796648269,0.38268830538,0.385929200127,0.591299135232,0.595796648269,0.38268830538,0.385929200127,0.591299135232,0.595796648269,0.38268830538
0.46,0.999989930119,-0.00211340646246,-0.0036512923514,0.00153011038251,0.502112259173,0.496347560461,0.499991077409,0.501528963195,0.502112259173,0.496347560461,0.499991077409,0.501528963195,0.502074355678,0.496385344883,0.499953565494,0.501566907906,0.664902239043,0.237449114042,0.240897093569,0.665951590633,0.391818923768,0.587328698619,0.59072161253,0.39060326067,0.391818923768,0.587328698619,0.59072161253,0.39060326067,0.391818923768,0.587328698619,0.59072161253,0.39060326067,0.502070767732,0.496388921262,0.499950014614,0.501570499456,0.665398926075,0.236053566252,0.239489826711,0.666459005445,0.388857313638,0.589293650562,0.59267491796,0.387633105731,0.388857313638,0.589293650562,0.59267491796,0.387633105731,0.388857313638,0.589293650562,0.59267491796,0.387633105731,0.502873790287,0.495587213504,0.500744737443,0.50076538696,0.666478009933,0.233014586286,0.238578398154,0.666777033789,0.390137146047,0.588457086303,0.593070403774,0.387012610933,0.390137146047,0.588457086303,0.593070403774,0.387012610933,0.390137146047,0.588457086303,0.593070403774,0.387012610933,0.502865704279,0.495595299048,0.500736735048,0.500773506882,0.667410162634,0.230330831178,0.235871886255,0.667739347572,0.386168199317,0.591069148929,0.595649106194,0.38303201604,0.386168199317,0.591069148929,0.595649106194,0.38303201604,0.386168199317,0.591069148929,0.595649106194,0.38303201604
0.47,0.999990662292,-0.00202757827981,-0.00344808834859,0.00163552468277,0.501915402017,0.496439735491,0.500102838556,0.501523348522,0.501915402017,0.496439735491,0.500102838556,0.501523348522,0.501834390105,0.496520504941,0.500022647766,0.501604410669,0.664642178569,0.237951972857,0.241223254457,0.665913638988,0.391748864201,0.587284593971,0.590668968357,0.390819399341,0.391748864201,0.587284593971,0.590668968357,0.390819399341,0.391748864201,0.587284593971,0.590668968357,0.390819399341,0.501830994104,0.49652389021,0.500019286185,0.501607808203,0.665057202841,0.236789436296,0.240049489601,0.666337693928,0.388839676634,0.589214753777,0.592589293155,0.387901546072,0.388839676634,0.589214753777,0.592589293155,0.387901546072,0.388839676634,0.589214753777,0.592589293155,0.387901546072,0.502690697472,0.495665442918,0.500870271431,0.500746245686,0.666153526127,0.233712747311,0.239249610987,0.666616422701,0.390345428841,0.588228369607,0.592923753868,0.38737482297,0.390345428841,0.588228369607,0.592923753868,0.38737482297,0.390345428841,0.588228369607,0.592923753868,0.38737482297,0.502682667409,0.495673474842,0.500862322844,0.500754306802,0.667035882655,0.231182155508,0.236695865377,0.667527534667,0.386368859929,0.590847833077,0.595510909606,0.383385835374,0.386368859929,0.590847833077,0.595510909606,0.383385835374,0.386368859929,0.590847833077,0.595510909606,0.383385835374
0.48,0.999991466532,-0.00190548815814,-0.00321620410062,0.00175841112613,0.50167737373,0.496555681573,0.500219580961,0.5015302968,0.50167737373,0.496555681573,0.500219580961,0.5015302968,0.501545237006,0.496687438376,0.500088754762,0.501662437459,0.664358396354,0.238482614454,0.241516403611,0.665900736284,0.391583311282,0.587289150699,0.590644712438,0.391015073195,0.391583311282,0.587289150699,0.590644712438,0.391015073195,0.391583311282,0.587289150699,0.590644712438,0.391015073195,0.501542056435,0.496690608949,0.500085605733,0.501665617266,0.664668567866,0.237616687718,0.240640036464,0.666217965428,0.388754334397,0.589165564913,0.592513481259,0.388177509827,0.388754334397,0.589165564913,0.592513481259,0.388177509827,0.388754334397,0.589165564913,0.592513481259,0.388177509827,0.502467835382,0.495766045561,0.501002197747,0.500738355159,0.665796338661,0.234463500252,0.23993751076,0.666462372085,0.390497938726,0.588021476968,0.59279344827,0.387734484103,0.390497938726,0.588021476968,0.59279344827,0.387734484103,0.390497938726,0.588021476968,0.59279344827,0.387734484103,0.502459942266,0.495773942713,0.500994383009,0.500746275412,0.666611212072,0.232136356038,0.237587017617,0.667303988603,0.386531547243,0.590636232245,0.595377519772,0.383754886738,0.386531547243,0.590636232245,0.595377519772,0.383754886738,0.386531547243,0.590636232245,0.595377519772,0.383754886738
0.49,0.999992306669,-0.001742002731,-0.00295882340746,0.00189667965385,0.501398226474,0.496697400438,0.500336082926,0.501552903499,0.501398226474,0.496697400438,0.500336082926,0.501552903499,0.501208115208,0.496886978888,0.500147811843,0.501742884125,0.664050538095,0.239046287138,0.241777097635,0.66591109806,0.391324452244,0.587342674777,0.5906444957,0.391194114424,0.391324452244,0.587342674777,0.5906444957,0.391194114424,0.391324452244,0.587342674777,0.5906444957,0.391194114424,0.501205138074,0.49688994654,0.500144863522,0.501745858068,0.664231412013,0.238543163178,0.241264675731,0.66609695003,0.388607887689,0.589143547049,0.592440162443,0.388469361108,0.388607887689,0.589143547049,0.592440162443,0.388469361108,0.388607887689,0.589143547049,0.592440162443,0.388469361108,0.502205323607,0.495890968612,0.501135361683,0.500744754801,0.665406977385,0.2352691953,0.240636893901,0.66631512476,0.390592131274,0.587839966995,0.592676584611,0.388093321566,0.390592131274,0.587839966995,0.592676584611,0.388093321566,0.390592131274,0.587839966995,0.592676584611,0.388093321566,0.50219765504,0.495898643044,0.501127767448,0.500752445618,0.666134911186,0.233199976413,0.238544438605,0.667067164467,0.386659366019,0.590434148377,0.595242320238,0.384146627341,0.386659366019,0.590434148377,0.595242320238,0.384146627341,0.386659366019,0.590434148377,0.595242320238,0.384146627341
0.5,0.999993133546,-0.00153358218983,-0.00267968772929,0.00204945360742,0.501078474827,0.49686520501,0.50044824091,0.501594346346,0.501078474827,0.49686520501,0.50044824091,0.501594346346,0.500824581634,0.497118390445,0.500196740954,0.501847850102,0.663718363325,0.239645341853,0.242005374801,0.665944023834,0.390976087253,0.587443320571,0.590664330679,0.391361332756,0.390976087253,0.587443320571,0.590664330679,0.391361332756,0.390976087253,0.587443320571,0.590664330679,0.391361332756,0.500821741887,0.497121220833,0.500193927969,0.501850684043,0.663744484305,0.239572921891,0.24192518977,0.665973180545,0.388406320818,0.589145529812,0.592363827978,0.388784220299,0.388406320818,0.589145529812,0.592363827978,0.388784220299,0.388406320818,0.589145529812,0.592363827978,0.388784220299,0.501904246907,0.496039966725,0.501266221873,0.500768063237,0.664986401623,0.236128370401,0.241342782041,0.666175757518,0.390627750854,0.587684849145,0.592571160458,0.388453212294,0.390627750854,0.587684849145,0.592571160458,0.388453212294,0.390627750854,0.587684849145,0.592571160458,0.388453212294,0.501896877795,0.496047343059,0.501258922338,0.500775448959,0.665606767754,0.234373789526,0.239565459029,0.666817027635,0.386754639847,0.590240875451,0.595101557274,0.384565591328,0.386754639847,0.590240875451,0.595101557274,0.384565591328,0.386754639847,0.590240875451,0.595101557274,0.384565591328
0.51,0.999993891011,-0.00127723749018,-0.00238271980796,0.00221568311954,0.500719082492,0.497059125296,0.500552046009,0.501657528224,0.500719082492,0.497059125296,0.500552046009,0.501657528224,0.500396289427,0.497381000841,0.500232210885,0.501979510262,0.663361505827,0.240282789764,0.242201658914,0.665998535996,0.390542690901,0.587588898001,0.590699592146,0.391522266759,0.390542690901,0.587588898001,0.590699592146,0.391522266759,0.390542690901,0.587588898001,0.590699592146,0.391522266759,0.500393456097,0.497383824292,0.500229403511,0.50198233464,0.663206409668,0.240710485332,0.242623551079,0.665844976619,0.388156316421,0.589168018137,0.592278298767,0.389129974734,0.388156316421,0.589168018137,0.592278298767,0.389129974734,0.388156316421,0.589168018137,0.592278298767,0.389129974734,0.501565700628,0.49621295109,0.50139089738,0.500811065322,0.664535500682,0.237040108862,0.24205023246,0.666045223757,0.390604938934,0.587556998559,0.592474593152,0.388816681219,0.390604938934,0.587556998559,0.592474593152,0.388816681219,0.390604938934,0.587556998559,0.592474593152,0.388816681219,0.50155868844,0.496219971298,0.501383949573,0.500818087978,0.665026464445,0.235659032191,0.240647375043,0.66655342098,0.386820201902,0.590055513715,0.594950810308,0.385017084619,0.386820201902,0.590055513715,0.594950810308,0.385017084619,0.386820201902,0.590055513715,0.594950810308,0.385017084619
0.52,0.999994515186,-0.000971528377958,-0.00207082800495,0.00239528749031,0.500320791937,0.497278435656,0.500645251627,0.501744551151,0.500320791937,0.497278435656,0.500645251627,0.501744551151,0.499924334984,0.497673713153,0.500252322116,0.502139570981,0.662979366528,0.24096021462,0.242366592881,0.666074297045,0.390029117186,0.587776108071,0.590746397411,0.39168256085,0.390029117186,0.587776108071,0.590746397411,0.39168256085,0.390029117186,0.587776108071,0.590746397411,0.39168256085,0.499921293439,0.497676743248,0.500249307622,0.50214259909,0.662615750752,0.241958275862,0.243361260526,0.665711541489,0.387863167999,0.589207606293,0.592179271948,0.389512861754,0.387863167999,0.589207606293,0.592179271948,0.389512861754,0.387863167999,0.589207606293,0.592179271948,0.389512861754,0.501190733707,0.496408899459,0.5015074427,0.500875571276,0.664054633499,0.238002921712,0.242756728153,0.665924337985,0.390526016284,0.587455000507,0.592384644179,0.389186955492,0.390526016284,0.587455000507,0.592384644179,0.389186955492,0.390526016284,0.587455000507,0.592384644179,0.389186955492,0.501184100226,0.496415541221,0.501500868375,0.500882208843,0.664393610129,0.237054893862,0.24178840545,0.666276575534,0.386858680165,0.589876473057,0.594787533454,0.3855047317,0.386858680165,0.589876473057,0.594787533454,0.3855047317,0.386858680165,0.589876473057,0.594787533454,0.3855047317
0.53,0.999994935476,-0.000615849712467,-0.00174680906406,0.00258812866744,0.49988473269,0.497522074016,0.500726052499,0.501857011747,0.49988473269,0.497522074016,0.500726052499,0.501857011747,0.499410061383,0.497995230414,0.500255478999,0.502329370838,0.662571699414,0.241678302836,0.242500640658,0.666170984324,0.389440718694,0.588001348254,0.590800939768,0.391847662548,0.389440718694,0.588001348254,0.590800939768,0.391847662548,0.389440718694,0.588001348254,0.590800939768,0.391847662548,0.499406501557,0.497998775518,0.500251949888,0.50233290995,0.661971644719,0.24331702736,0.244138847448,0.665572376945,0.387532091078,0.589260988527,0.59206287227,0.389938355467,0.387532091078,0.589260988527,0.59206287227,0.389938355467,0.387532091078,0.589260988527,0.59206287227,0.389938355467,0.500780615437,0.496626619926,0.50161418856,0.500963053946,0.663544473651,0.239014551659,0.243459628474,0.665813926624,0.390393836546,0.587377116344,0.592299080912,0.389567162803,0.390393836546,0.587377116344,0.592299080912,0.389567162803,0.390393836546,0.587377116344,0.592299080912,0.389567162803,0.500774338717,0.496632904726,0.501607966172,0.500969328301,0.663708343581,0.238559038889,0.2429858895,0.665986994715,0.386872678619,0.589702222238,0.594609531826,0.386031506858,0.386872678619,0.589702222238,0.594609531826,0.386031506858,0.386872678619,0.589702222238,0.594609531826,0.386031506858
0.54,0.999995076197,-0.000211313925879,-0.00141239571202,0.00279429194016,0.499412246845,0.497788537309,0.500794143278,0.501995224961,0.499412246845,0.497788537309,0.500794143278,0.501995224961,0.498854647337,0.498344188936,0.500241212988,0.502549339879,0.662137974681,0.242438017441,0.242605946275,0.666287824454,0.388783616032,0.58826030779,0.59085972353,0.392022827516,0.388783616032,0.58826030779,0.59085972353,0.392022827516,0.388783616032,0.58826030779,0.59085972353,0.392022827516,0.498850148265,0.498348667305,0.500236751562,0.502553805834,0.661273349131,0.244786483199,0.244957237058,0.665426996285,0.387167761664,0.58932502828,0.591926363197,0.39041044546,0.387167761664,0.58932502828,0.591926363197,0.39041044546,0.387167761664,0.58932502828,0.591926363197,0.39041044546,0.500336573373,0.496864730805,0.501710714555,0.501073958141,0.663005025809,0.240074120066,0.24415940222,0.665713856649,0.390213157378,0.587320133473,0.592215412882,0.389961097255,0.390213157378,0.587320133473,0.592215412882,0.389961097255,0.390213157378,0.587320133473,0.592215412882,0.389961097255,0.500330574262,0.496870737469,0.501704765838,0.501079948353,0.662970606848,0.240169081586,0.244238828385,0.665684746269,0.386865284902,0.589530715597,0.594415265019,0.386599637116,0.386865284902,0.589530715597,0.594415265019,0.386599637116,0.386865284902,0.589530715597,0.594415265019,0.386599637116
0.55,0.999994855717,0.000240919415148,-0.00106969653473,0.0030143401937,0.498904646219,0.498075869201,0.500849290083,0.50215990593,0.498904646219,0.498075869201,0.500849290083,0.50215990593,0.498259137076,0.498718872002,0.500209025875,0.502800407182,0.661677594113,0.243239475455,0.242683839076,0.666424694381,0.388063817622,0.588548345018,0.590919359117,0.392213755559,0.388063817622,0.588548345018,0.590919359117,0.392213755559,0.388063817622,0.588548345018,0.590919359117,0.392213755559,0.498253157142,0.498724821045,0.500203094483,0.502806333035,0.660519864451,0.246365915651,0.245816922944,0.665275420157,0.386774429898,0.589396467674,0.591767292072,0.390933263237,0.386774429898,0.589396467674,0.591767292072,0.390933263237,0.386774429898,0.589396467674,0.591767292072,0.390933263237,0.499859960077,0.497121243495,0.501796823548,0.501208975831,0.662436444415,0.241179326504,0.244855801912,0.665624613312,0.389988734454,0.587280424858,0.592131570305,0.390372505468,0.389988734454,0.587280424858,0.592131570305,0.390372505468,0.389988734454,0.587280424858,0.592131570305,0.390372505468,0.499854095675,0.497127114708,0.501791006974,0.501214824381,0.662180462768,0.241881210243,0.24554550417,0.665370513505,0.386838977648,0.589359898969,0.594203998378,0.387210696096,0.386838977648,0.589359898969,0.594203998378,0.387210696096,0.386838977648,0.589359898969,0.594203998378,0.387210696096
0.56,0.999994192613,0.000738770452269,-0.00072008288414,0.00324814403308,0.498363680403,0.498382368073,0.500891741757,0.502350594991,0.498363680403,0.498382368073,0.500891741757,0.502350594991,0.497625221442,0.499117608694,0.500159109143,0.503082117768,0.661190537807,0.244082611094,0.242736911712,0.66658048529,0.387288146419,0.588860883373,0.590976730289,0.392424841127,0.387288146419,0.588860883373,0.590976730289,0.392424841127,0.387288146419,0.588860883373,0.590976730289,0.392424841127,0.497617089833,0.499125692927,0.500151041614,0.503090161043,0.659711408936,0.248052579816,0.246717813293,0.665117354435,0.386356548647,0.589472512295,0.591583849504,0.391509033833,0.386356548647,0.589472512295,0.591583849504,0.391509033833,0.386356548647,0.589472512295,0.591583849504,0.391509033833,0.499352411439,0.497394576773,0.501872649947,0.50136777661,0.661839108902,0.242328681219,0.245549879503,0.665545686533,0.389726114711,0.587254417885,0.592045195952,0.390804670055,0.389726114711,0.587254417885,0.592045195952,0.390804670055,0.389726114711,0.587254417885,0.592045195952,0.390804670055,0.49934646877,0.497400525356,0.501866754371,0.501373695321,0.661338631092,0.243691184747,0.246904252607,0.665044443287,0.386796888745,0.589187869321,0.593974784783,0.38786566817,0.386796888745,0.589187869321,0.593974784783,0.38786566817,0.386796888745,0.589187869321,0.593974784783,0.38786566817
0.57,0.999993002654,0.00127957075976,-0.000364567142955,0.00349634550086,0.497790826666,0.498705830385,0.500922605229,0.502566743029,0.497790826666,0.498705830385,0.500922605229,0.502566743029,0.496953972458,0.499538569844,0.500092170432,0.503394266524,0.660676244928,0.244967207788,0.242767859801,0.666754627089,0.386463103894,0.589192924968,0.591029109998,0.392660868475,0.386463103894,0.589192924968,0.591029109998,0.392660868475,0.386463103894,0.589192924968,0.591029109998,0.392660868475,0.496942880049,0.499549589249,0.500081162982,0.503405216778,0.658847513508,0.249843895453,0.247660238567,0.664952921704,0.385917537808,0.589550398323,0.591375056311,0.39213967489,0.385917537808,0.589550398323,0.591375056311,0.39213967489,0.385917537808,0.589550398323,0.591375056311,0.39213967489,0.498815362784,0.497682574534,0.50193925598,0.501549870064,0.661212822979,0.243520664161,0.24624401151,0.665476652972,0.389431524546,0.587237429695,0.591954291494,0.391261300971,0.389431524546,0.587237429695,0.591954291494,0.391261300971,0.389431524546,0.587237429695,0.591954291494,0.391261300971,0.498809053167,0.497688888972,0.501932995013,0.501556145202,0.660445355065,0.245594451687,0.248314446277,0.664706878288,0.386741656756,0.589012387524,0.593727803337,0.388564787157,0.386741656756,0.589012387524,0.593727803337,0.388564787157,0.386741656756,0.589012387524,0.593727803337,0.388564787157
0.58,0.999991201345,0.00186054331821,-3.88191137443e-06,0.00375973345244,0.49718740314,0.499044064649,0.500943254887,0.502807680013,0.49718740314,0.499044064649,0.500943254887,0.502807680013,0.496246361095,0.499979878932,0.500009243656,0.503736464853,0.660134164238,0.245892690908,0.24277940118,0.666946648635,0.38559506813,0.58953945896,0.591074078036,0.392926334111,0.38559506813,0.58953945896,0.591074078036,0.392926334111,0.38559506813,0.58953945896,0.591074078036,0.392926334111,0.496231356189,0.499994772373,0.499994350645,0.503751246208,0.657927763865,0.251736745037,0.248644382589,0.664782400294,0.385460350452,0.589627551507,0.591140442818,0.392826482813,0.385460350452,0.589627551507,0.591140442818,0.392826482813,0.385460350452,0.589627551507,0.591140442818,0.392826482813,0.498250234446,0.497982948172,0.501998113949,0.501754502517,0.660557321109,0.244753627807,0.246941052299,0.665417015032,0.389111429707,0.587224495459,0.591857041483,0.391746001449,0.389111429707,0.587224495459,0.591857041483,0.391746001449,0.389111429707,0.587224495459,0.591857041483,0.391746001449,0.498243189375,0.497989996565,0.501991121833,0.501761498287,0.659500903193,0.247586088311,0.249775691082,0.664358180282,0.386675786853,0.588831171304,0.59346365806,0.389307814106,0.386675786853,0.588831171304,0.59346365806,0.389307814106,0.386675786853,0.588831171304,0.59346365806,0.389307814106
0.59,0.999988708587,0.00247896258775,0.000361489877388,0.0040381640224,0.496555045947,0.499395498514,0.500954700052,0.50307217266,0.496555045947,0.499395498514,0.500954700052,0.50307217266,0.495503849234,0.500440105398,0.499911168459,0.504107587677,0.659564259066,0.246858971601,0.242774685544,0.667155220592,0.384690340443,0.58989635163,0.591109187738,0.393224572573,0.384690340443,0.58989635163,0.591109187738,0.393224572573,0.384690340443,0.58989635163,0.591109187738,0.393224572573,0.495483834139,0.500459953097,0.499891298971,0.504127260388,0.656952544593,0.253727705817,0.249670058896,0.664605497377,0.384988391548,0.589701901744,0.590879137563,0.393570133834,0.384988391548,0.589701901744,0.590879137563,0.393570133834,0.384988391548,0.589701901744,0.590879137563,0.393570133834,0.497658448035,0.49829434497,0.502050018635,0.501980670603,0.65987266898,0.24602692101,0.247643500444,0.665365697612,0.388771527863,0.58721195854,0.591751289962,0.39226168013,0.388771527863,0.58721195854,0.591751289962,0.39226168013,0.388771527863,0.58721195854,0.591751289962,0.39226168013,0.497650223911,0.498302570095,0.502041854905,0.501988823781,0.65850589515,0.249662137248,0.251287220902,0.663998144492,0.386602127884,0.588642498838,0.593181881883,0.390094934962,0.386602127884,0.588642498838,0.593181881883,0.390094934962,0.386602127884,0.588642498838,0.593181881883,0.390094934962
0.6,0.999985445891,0.00313123221573,0.00073152759792,0.00433223479689,0.495895225538,0.499757985453,0.500958988138,0.503358692653,0.495895225538,0.499757985453,0.500958988138,0.503358692653,0.49472758575,0.500917392297,0.499799677785,0.504506356826,0.658966070068,0.247865561358,0.242757603193,0.667379298514,0.383755513645,0.590258692231,0.591132492904,0.393559090639,0.383755513645,0.590258692231,0.591132492904,0.393559090639,0.383755513645,0.590258692231,0.591132492904,0.393559090639,0.494701318847,0.500943412805,0.499773597729,0.50453211326,0.655921959482,0.255812589158,0.250737471813,0.664422322417,0.384504153892,0.589771356834,0.590591561311,0.394370270186,0.384504153892,0.589771356834,0.590591561311,0.394370270186,0.384504153892,0.589771356834,0.590591561311,0.394370270186,0.497041516216,0.498614578176,0.502097056604,0.502226820608,0.659158422716,0.247339726235,0.248355900592,0.665321411221,0.388418869648,0.587194642442,0.591635288116,0.392811557167,0.388418869648,0.587194642442,0.591635288116,0.392811557167,0.388418869648,0.587194642442,0.591635288116,0.392811557167,0.497031590563,0.49862450107,0.502087202339,0.502236643588,0.657460796705,0.251817584535,0.252849409954,0.663626687831,0.38652329402,0.5884441675,0.592883469736,0.390925051934,0.38652329402,0.5884441675,0.592883469736,0.390925051934,0.38652329402,0.5884441675,0.592883469736,0.390925051934
0.61,0.999981335955,0.00381407906326,0.001106345831,0.00464290218733,0.495209004334,0.50012942933,0.500958252558,0.503665985687,0.495209004334,0.50012942933,0.500958252558,0.503665985687,0.493918278064,0.501409965202,0.49967655907,0.504931795104,0.658339138577,0.248911223586,0.242730958147,0.667618501352,0.382795891641,0.5906221499,0.591142716682,0.393932824101,0.382795891641,0.5906221499,0.591142716682,0.393932824101,0.382795891641,0.5906221499,0.591142716682,0.393932824101,0.493884364961,0.501443523111,0.499642882485,0.50496496627,0.654835874562,0.257987112485,0.251846395862,0.664233407824,0.384008917086,0.589834319467,0.590278731099,0.395226070483,0.384008917086,0.589834319467,0.590278731099,0.395226070483,0.384008917086,0.589834319467,0.590278731099,0.395226070483,0.496400706642,0.498941348574,0.502141561287,0.502491513916,0.658414140514,0.248690471154,0.249082223559,0.665283334404,0.388059625831,0.587167657208,0.591507974018,0.39339825343,0.388059625831,0.587167657208,0.591507974018,0.39339825343,0.388059625831,0.587167657208,0.591507974018,0.39339825343,0.496388480312,0.498953566094,0.502129421335,0.502503591754,0.656365973524,0.254047029712,0.254462436505,0.663244060586,0.386440864791,0.588234343204,0.592570219306,0.391796312753,0.386440864791,0.588234343204,0.592570219306,0.391796312753,0.386440864791,0.588234343204,0.592570219306,0.391796312753
0.62,0.999976312033,0.00452383048865,0.0014866031902,0.0049699437802,0.494497967184,0.500508400965,0.50095451436,0.503991741556,0.494497967184,0.500508400965,0.50095451436,0.503991741556,0.493077450562,0.50191642753,0.49954377653,0.505381581434,0.657683649807,0.249995378465,0.242698950008,0.667871055809,0.381817476643,0.590982983687,0.591138495003,0.394347318043,0.381817476643,0.590982983687,0.591138495003,0.394347318043,0.381817476643,0.590982983687,0.591138495003,0.394347318043,0.493034365939,0.501959010876,0.499500987281,0.505423613525,0.653695474231,0.260245963592,0.252996326576,0.66403849598,0.383504817003,0.589889642163,0.589941504138,0.396135440348,0.383504817003,0.589889642163,0.589941504138,0.396135440348,0.383504817003,0.589889642163,0.589941504138,0.396135440348,0.495737483837,0.499273346592,0.502185434154,0.502772575052,0.657639684324,0.250079133679,0.249827100019,0.665249496503,0.387699995912,0.587127107762,0.59136767441,0.39402378883,0.387699995912,0.587127107762,0.59136767441,0.39402378883,0.387699995912,0.587127107762,0.59136767441,0.39402378883,0.495722291323,0.499288520911,0.502170347373,0.502787554531,0.655222381226,0.256345954462,0.256126473773,0.662849615075,0.386357406556,0.588011540386,0.592242707338,0.392707217119,0.386357406556,0.588011540386,0.592242707338,0.392707217119,0.386357406556,0.588011540386,0.592242707338,0.392707217119
0.63,0.999970320778,0.00525545487133,0.00187277333526,0.00531323605521,0.493764428155,0.500892656464,0.500950437751,0.504333119185,0.493764428155,0.500892656464,0.500950437751,0.504333119185,0.492207176344,0.502434751816,0.499403759047,0.505853043061,0.656999821496,0.251117141651,0.242666862964,0.668134873617,0.380826945944,0.591336977974,0.591118831073,0.394803676876,0.380826945944,0.591336977974,0.591118831073,0.394803676876,0.380826945944,0.591336977974,0.591118831073,0.394803676876,0.492153266781,0.502487968456,0.499350213717,0.50590549277,0.652502471218,0.262582408969,0.2541866942,0.663837425915,0.382993725074,0.589936270287,0.589581743825,0.397094914224,0.382993725074,0.589936270287,0.589581743825,0.397094914224,0.382993725074,0.589936270287,0.589581743825,0.397094914224,0.495053914148,0.499608570856,0.502231092535,0.503067418647,0.656835049308,0.251505109267,0.250596106151,0.66521762574,0.387346736686,0.587068656603,0.59121323251,0.394689513059,0.387346736686,0.587068656603,0.59121323251,0.394689513059,0.387346736686,0.587068656603,0.59121323251,0.394689513059,0.495035029584,0.499627423325,0.502212337805,0.503086001696,0.654031639358,0.258708054324,0.25784141579,0.662442874254,0.386275011144,0.587774496231,0.591902742627,0.393654544767,0.386275011144,0.587774496231,0.591902742627,0.393654544767,0.386275011144,0.587774496231,0.591902742627,0.393654544767
0.64,0.999963307379,0.00600443272478,0.00226629344341,0.00567402836834,0.493009276318,0.501280002588,0.500949598335,0.504687737514,0.493009276318,0.501280002588,0.500949598335,0.504687737514,0.491308008701,0.502963059242,0.49925975414,0.506344052517,0.656287277898,0.25227446808,0.242638544818,0.668409409114,0.379829064157,0.591680049011,0.591083890572,0.395302967267,0.379829064157,0.591680049011,0.591083890572,0.395302967267,0.379829064157,0.591680049011,0.591083890572,0.395302967267,0.491241508129,0.503028620885,0.499193697514,0.506408569857,0.651257470088,0.264990038291,0.255417057097,0.663631007568,0.382475079264,0.589973581171,0.589202863474,0.398100455834,0.382475079264,0.589973581171,0.589202863474,0.398100455834,0.382475079264,0.589973581171,0.589202863474,0.398100455834,0.494351291941,0.499944415612,0.502282512502,0.503373280071,0.655999409315,0.25296717875,0.251395933909,0.66518603854,0.387006743938,0.586986710831,0.591044437027,0.395397085111,0.387006743938,0.586986710831,0.591044437027,0.395397085111,0.387006743938,0.586986710831,0.591044437027,0.395397085111,0.494327936564,0.499967719311,0.502259316204,0.503396215784,0.652794434731,0.261126894833,0.259608772228,0.662023758004,0.386194645179,0.587521510462,0.591553969456,0.394634098881,0.386194645179,0.587521510462,0.591553969456,0.394634098881,0.386194645179,0.587521510462,0.591553969456,0.394634098881
0.65,0.999955240999,0.00676582596587,0.00266795718438,0.00605157852215,0.49223493956,0.501668722812,0.500954475472,0.505052344151,0.49223493956,0.501668722812,0.500954475472,0.505052344151,0.490382341953,0.50349965288,0.499114208868,0.506851324115,0.655546759343,0.253466345034,0.242619269571,0.668692117707,0.378829097719,0.592009507078,0.59103365293,0.395844008865,0.378829097719,0.592009507078,0.59103365293,0.395844008865,0.378829097719,0.592009507078,0.59103365293,0.395844008865,0.490301388801,0.503579357697,0.499033790884,0.506929634364,0.649963058116,0.267461482168,0.256686336733,0.663418799233,0.381949815741,0.590001660689,0.588807479582,0.399146753248,0.381949815741,0.590001660689,0.588807479582,0.399146753248,0.381949815741,0.590001660689,0.588807479582,0.399146753248,0.493631677492,0.500279521924,0.502341809814,0.503687277022,0.655133092291,0.254465055488,0.252231748465,0.665152096882,0.386684977486,0.586878659747,0.590860847313,0.396145965565,0.386684977486,0.586878659747,0.590860847313,0.396145965565,0.386684977486,0.586878659747,0.590860847313,0.396145965565,0.493603036126,0.500308085176,0.502313362206,0.503715344995,0.651512859613,0.263596530942,0.261428068198,0.661591435701,0.386117479664,0.587252440832,0.591198422838,0.395641614934,0.386117479664,0.587252440832,0.591198422838,0.395641614934,0.386117479664,0.587252440832,0.591198422838,0.395641614934
0.66,0.999946109785,0.00753312023685,0.00307999041085,0.00644540795408,0.491443795489,0.502056906238,0.500969194059,0.505422323783,0.491443795489,0.502056906238,0.500969194059,0.505422323783,0.489432357427,0.50404281892,0.498971048452,0.507370374585,0.65477918654,0.254690817807,0.242615125398,0.66898034734,0.377832767918,0.592322205635,0.590968848889,0.396424802254,0.377832767918,0.592322205635,0.590968848889,0.396424802254,0.377832767918,0.592322205635,0.590968848889,0.396424802254,0.489335046715,0.504138500569,0.498874375711,0.507464226876,0.64862271415,0.269987018926,0.257992903427,0.663200758505,0.381417980196,0.590020965799,0.588399984554,0.400226239117,0.381417980196,0.590020965799,0.588399984554,0.400226239117,0.381417980196,0.590020965799,0.588399984554,0.400226239117,0.492897067131,0.500612338387,0.502412735858,0.504005169335,0.654236059321,0.255998849246,0.253111318981,0.665112342445,0.386388202906,0.586740478224,0.590662106172,0.396935818744,0.386388202906,0.586740478224,0.590662106172,0.396935818744,0.386388202906,0.586740478224,0.590662106172,0.396935818744,0.492862308654,0.500646984684,0.502378211335,0.504039159403,0.650189342313,0.2661098978,0.263299896909,0.661144844738,0.386045068723,0.586966663005,0.590839249588,0.396671555045,0.386045068723,0.586966663005,0.590839249588,0.396671555045,0.386045068723,0.586966663005,0.590839249588,0.396671555045
0.67,0.999935918906,0.00829845841715,0.00350365208153,0.00685697400316,0.490638417099,0.502440527699,0.500999043389,0.505793849622,0.490638417099,0.502440527699,0.500999043389,0.505793849622,0.488459947493,0.504589216069,0.498834890899,0.507897976315,0.653984098369,0.255945690251,0.242633455257,0.669272447597,0.376845139491,0.592613818705,0.590891594995,0.397043732713,0.376845139491,0.592613818705,0.590891594995,0.397043732713,0.376845139491,0.592613818705,0.590891594995,0.397043732713,0.488344332379,0.504702742614,0.498720028622,0.508009141337,0.647238418555,0.272557287401,0.259336992426,0.662977585587,0.380877160774,0.590031892163,0.587987418185,0.40132997731,0.380877160774,0.590031892163,0.587987418185,0.40132997731,0.380877160774,0.590031892163,0.587987418185,0.40132997731,0.492150209837,0.500938638321,0.502500752226,0.504322957644,0.653307514589,0.257566767628,0.254044743778,0.665063846374,0.386123488439,0.586566279359,0.590450200493,0.397765272909,0.386123488439,0.586566279359,0.590450200493,0.397765272909,0.386123488439,0.586566279359,0.590450200493,0.397765272909,0.492108499919,0.500980194144,0.502459322161,0.50436365745,0.648826085957,0.26865710636,0.265226240766,0.660683820441,0.385976277093,0.586663655034,0.590484037041,0.397714308748,0.385976277093,0.586663655034,0.590484037041,0.397714308748,0.385976277093,0.586663655034,0.590484037041,0.397714308748
0.68,0.999924679224,0.00905467005442,0.00394146876459,0.0072879113771,0.489820314411,0.502816453331,0.501049694758,0.506162895946,0.489820314411,0.502816453331,0.501049694758,0.506162895946,0.487466064071,0.505136285528,0.498710853502,0.508430579353,0.653162027654,0.257225963327,0.242678201052,0.66956811465,0.375868787635,0.592881510135,0.590805363117,0.397697362745,0.375868787635,0.592881510135,0.590805363117,0.397697362745,0.375868787635,0.592881510135,0.590805363117,0.397697362745,0.487330203797,0.50526951345,0.498575872998,0.508560802766,0.645813080082,0.275160815432,0.260716227033,0.662751114829,0.380322843678,0.590036052569,0.58757806476,0.40244752336,0.380322843678,0.590036052569,0.58757806476,0.40244752336,0.380322843678,0.590036052569,0.58757806476,0.40244752336,0.491393021471,0.501254851523,0.502611933983,0.504636221541,0.652347157035,0.259165419055,0.255040279673,0.665004457141,0.385896571999,0.586350887648,0.590227872963,0.398632073786,0.385896571999,0.586350887648,0.590227872963,0.398632073786,0.385896571999,0.586350887648,0.590227872963,0.398632073786,0.491343548915,0.501304120866,0.502562792853,0.504684391062,0.647425712132,0.271227306752,0.267207907441,0.660208777239,0.385909001292,0.586343369861,0.59014100114,0.398759694698,0.385909001292,0.586343369861,0.59014100114,0.398759694698,0.385909001292,0.586343369861,0.59014100114,0.398759694698
0.69,0.99991245534,0.00979358752936,0.00439255510297,0.00773774900691,0.488994281747,0.503180424481,0.501124586062,0.506525618387,0.488994281747,0.503180424481,0.501124586062,0.506525618387,0.486455273507,0.505680019848,0.498602153889,0.508964514029,0.652312799247,0.258532449675,0.242760473835,0.669862923849,0.374911160871,0.593121098134,0.590711030065,0.398383563119,0.374911160871,0.593121098134,0.590711030065,0.398383563119,0.374911160871,0.593121098134,0.590711030065,0.398383563119,0.486297273998,0.505834755222,0.49844517326,0.509115479008,0.644350064773,0.277789186822,0.262132521731,0.662519964048,0.379755907282,0.590033294969,0.587177369262,0.403570190597,0.379755907282,0.590033294969,0.587177369262,0.403570190597,0.379755907282,0.590033294969,0.587177369262,0.403570190597,0.490629925065,0.501557060051,0.502749346941,0.504941468187,0.651355183758,0.260794233923,0.256107295358,0.664929955265,0.385713263405,0.586090851566,0.589996739711,0.399533026513,0.385713263405,0.586090851566,0.589996739711,0.399533026513,0.385713263405,0.586090851566,0.589996739711,0.399533026513,0.490571926367,0.501614800426,0.502691736882,0.504997816554,0.64599188676,0.273811440934,0.269245721796,0.65971851448,0.38584308846,0.586006257675,0.589816069636,0.399798425526,0.38584308846,0.586006257675,0.589816069636,0.399798425526,0.38584308846,0.586006257675,0.589816069636,0.399798425526
0.7,0.999899262696,0.0105108862345,0.00485707750812,0.00820941705922,0.488160940844,0.503528904688,0.501227435617,0.506881244241,0.488160940844,0.503528904688,0.501227435617,0.506881244241,0.485428183769,0.506216920892,0.498512516466,0.509498948313,0.65143613415,0.259859684672,0.242882091644,0.670158337234,0.373973174139,0.593329720829,0.590612241445,0.399100347859,0.373973174139,0.593329720829,0.590612241445,0.399100347859,0.373973174139,0.593329720829,0.590612241445,0.399100347859,0.485246176602,0.506394940817,0.498331680697,0.509672294736,0.642850371006,0.280433750626,0.263584750754,0.662286487238,0.37917111574,0.590024535914,0.586793288579,0.404689941173,0.37917111574,0.590024535914,0.586793288579,0.404689941173,0.37917111574,0.590024535914,0.586793288579,0.404689941173,0.489863248193,0.501840005146,0.502918392293,0.505236279377,0.650331668885,0.262446400509,0.257250884403,0.664840273884,0.38557692167,0.585781384281,0.589761344654,0.400464934366,0.38557692167,0.585781384281,0.589761344654,0.400464934366,0.38557692167,0.585781384281,0.589761344654,0.400464934366,0.489796011854,0.501906924262,0.502851607782,0.50530146121,0.644526999991,0.276397612387,0.271339735837,0.659214725189,0.385774416956,0.585652450753,0.589519211491,0.400819666973,0.385774416956,0.585652450753,0.589519211491,0.400819666973,0.385774416956,0.585652450753,0.589519211491,0.400819666973
