time,F_base_x,F_base_y,F_base_z,L0_body_front_x,L0_body_front_y,L0_body_front_z,L1_body_rear_x,L1_body_rear_y,L1_body_rear_z,Lrl1_hip_roll_x,Lrl1_hip_roll_y,Lrl1_hip_roll_z,Lrl2_hip_pitch_x,Lrl2_hip_pitch_y,Lrl2_hip_pitch_z,Lrl3_knee_x,Lrl3_knee_y,Lrl3_knee_z,Lrl4_wheel_x,Lrl4_wheel_y,Lrl4_wheel_z,Lrl4_wheel_contact_x,Lrl4_wheel_contact_y,Lrl4_wheel_contact_z,Lrr1_hip_roll_x,Lrr1_hip_roll_y,Lrr1_hip_roll_z,Lrr2_hip_pitch_x,Lrr2_hip_pitch_y,Lrr2_hip_pitch_z,Lrr3_knee_x,Lrr3_knee_y,Lrr3_knee_z,Lrr4_wheel_x,Lrr4_wheel_y,Lrr4_wheel_z,Lrr4_wheel_contact_x,Lrr4_wheel_contact_y,Lrr4_wheel_contact_z,Lfl1_hip_roll_x,Lfl1_hip_roll_y,Lfl1_hip_roll_z,Lfl2_hip_pitch_x,Lfl2_hip_pitch_y,Lfl2_hip_pitch_z,Lfl3_knee_x,Lfl3_knee_y,Lfl3_knee_z,Lfl4_wheel_x,Lfl4_wheel_y,Lfl4_wheel_z,Lfl4_wheel_contact_x,Lfl4_wheel_contact_y,Lfl4_wheel_contact_z,Lfr1_hip_roll_x,Lfr1_hip_roll_y,Lfr1_hip_roll_z,Lfr2_hip_pitch_x,Lfr2_hip_pitch_y,Lfr2_hip_pitch_z,Lfr3_knee_x,Lfr3_knee_y,Lfr3_knee_z,Lfr4_wheel_x,Lfr4_wheel_y,Lfr4_wheel_z,Lfr4_wheel_contact_x,Lfr4_wheel_contact_y,Lfr4_wheel_contact_z
0,0,0,0,0,0,0,0,0,0,0,0,0,5.69003212691e-32,5.47382212627e-48,2.77422369242e-22,-5.9010387359e-15,2.65723446262e-21,3.95788465226e-15,6.22356456051e-16,5.59739163376e-21,6.77433919518e-15,2.75398465986e-15,6.55813703792e-21,6.77433919679e-15,0,0,0,-1.04146346931e-28,0,-5.07774651248e-19,-5.9010387359e-15,4.86583162811e-18,3.95530531096e-15,6.22356456048e-16,1.02448436719e-17,6.77075606098e-15,2.75398465986e-15,1.20025255913e-17,6.77075606259e-15,0,0,0,5.00620662603e-30,-3.50324616081e-46,2.44081915672e-20,-8.85155810385e-16,2.33895267471e-19,5.93806376918e-16,9.33534515341e-17,4.92458831192e-19,1.01632267426e-15,4.13097682105e-16,5.76948790521e-19,1.0163226745e-15,0,0,0,2.51814061291e-30,-1.75162308041e-46,1.22774108971e-20,-8.85155810385e-16,-1.17650460008e-19,5.93744818041e-16,9.33534684077e-17,-2.47708592262e-19,1.01623714165e-15,4.13097698979e-16,-2.90207256641e-19,1.01623714189e-15
0.01,-0.000160016357103,0.000181913049749,-0.00624966913644,0.0025026887685,0.000281924058426,-0.00624986053582,0.00294544009362,0.000252792633202,-0.00518481009738,0.00344989836955,0.000212468026545,-0.00380530052005,0.00343509591792,0.000170713569608,-0.00284050725105,-0.00055067065074,7.12971030566e-06,-0.000236421868027,-2.07988117212e-16,1.40310430003e-18,6.63681914069e-15,0.000189529610809,-2.45566514804e-05,1.4732745703e-11,0.00355286610726,0.000212468502745,-0.00371530454222,0.00356780835023,0.000170714143542,-0.00273632273804,-0.000246781297016,7.13131028846e-06,-0.000107875435258,1.70627634925e-16,-5.30413400034e-18,6.83306464458e-15,7.10379614135e-05,-2.45571140068e-05,-4.02268156387e-10,0.00344954027395,0.000426387870632,-0.00878456007935,0.00343459603682,0.000468142153563,-0.00977828708259,-0.00692151757625,0.000163259755498,-0.00295895080644,1.82010260012e-16,-2.67411648758e-18,2.26951870083e-15,0.00227143369182,-7.55854528112e-05,2.83416654338e-07,0.00355250801166,0.000426388346831,-0.00869456410152,0.00356731245747,0.000468142880041,-0.00964461234616,-0.00642931902335,0.000163262747529,-0.00280713318411,-2.16886237969e-16,5.61157367504e-18,3.66514046194e-16,0.00209140147478,-7.55859854904e-05,2.41612289198e-07
0.02,0.00219935998988,0.000453368791584,-0.0145266905651,0.00508046304895,0.000756304443187,-0.0145273149297,0.0055596966495,0.000669131106497,-0.0133749741555,0.00600668818991,0.000548410196902,-0.0119699794094,0.00596221144365,0.000422907520803,-0.0109352237624,-0.00645347084742,-2.61390855347e-05,-0.00279203459532,-1.84165528245e-16,6.82727483291e-19,6.17361408059e-15,0.00213771418425,-5.82784471656e-05,2.5749872687e-07,0.00631623496666,0.000548417810676,-0.0116974403363,0.00636116835875,0.000422916577246,-0.0106289853366,-0.00559578920354,-2.61153779765e-05,-0.00241170326145,-2.34022829206e-16,-1.22189251455e-18,5.00807088343e-15,0.00179972562538,-5.8285526076e-05,1.61314729402e-07,0.00600551842555,0.00119139281445,-0.017357657797,0.00596057027724,0.00131689294769,-0.0184704563963,-0.0135120805287,0.00044302667848,-0.00575918978505,1.02948344367e-16,-1.66866908337e-18,5.32724240473e-16,0.00444508616612,-0.000211682269233,2.21597818192e-06,0.0063150652023,0.00119140042823,-0.0170851187239,0.00635955670419,0.00131690420448,-0.0180755333185,-0.0120895834749,0.000443071789895,-0.00530869073863,2.67564013712e-16,4.72316590869e-19,1.78672978117e-15,0.00392240359551,-0.000211690591561,1.76917271686e-06
0.03,0.00507509447086,0.000893682637518,-0.0234138580224,0.00717666791287,0.00128692230104,-0.0234145901142,0.00752635566315,0.00104172845985,-0.02257406672,0.00761598220977,0.000708410144613,-0.021626655286,0.007515314684,0.000425010732609,-0.0208713354296,-0.0145582026296,-0.000338245226758,-0.00635702733748,-1.45927038564e-16,1.16020978971e-18,7.31633966684e-15,0.00482326956868,-4.03611667704e-05,2.42446590806e-06,0.00831494164642,0.000708449757807,-0.021273058148,0.00841615879767,0.000425059037874,-0.0204942049737,-0.0131958017314,-0.000338134225577,-0.00564087681905,-5.98379543784e-17,3.9495396533e-19,6.43373837978e-15,0.00424755698606,-4.03988352263e-05,1.78919109661e-06,0.00761457426081,0.00216032459203,-0.0255566711495,0.00751331144633,0.0024437095484,-0.026435721409,-0.0201079456823,0.00072110907687,-0.00857352676761,2.93524038749e-16,1.18930571267e-18,1.76421425158e-15,0.00663891571944,-0.000386892219645,7.41363085544e-06,0.00831353369746,0.00216036420523,-0.0252030740115,0.0084142468809,0.00244376938003,-0.0258582111341,-0.0174725322772,0.000721366462396,-0.00769873216477,-7.6003673026e-17,2.79579808564e-19,1.25249605657e-15,0.00564673201829,-0.000386944856056,5.56733146565e-06
0.04,0.00811608054293,0.00150622611089,-0.0323790308138,0.00894922199816,0.00186520961898,-0.03237939603,0.0090879162791,0.00143146912262,-0.032046163051,0.00870689659528,0.000846396788889,-0.0317617353139,0.00854669937884,0.000396134848578,-0.0314624334544,-0.0235202213989,-0.000686680955052,-0.0103158979653,-3.55323522899e-16,2.86085027868e-18,5.17159461275e-15,0.00779308573133,-1.53302452013e-05,9.37040738463e-06,0.00981726609542,0.000846514546246,-0.0314391826285,0.00997780004328,0.000396282240403,-0.0311302384629,-0.0217506307766,-0.00068639152653,-0.00929008368079,-1.02386267487e-16,-4.02982886122e-18,6.90315518421e-15,0.00700703099767,-1.54379901818e-05,7.32399856143e-06,0.00870603399234,0.00315314232296,-0.0333198833437,0.00854542363675,0.0036033573346,-0.0337881773429,-0.0264319950845,0.000996779836741,-0.011287312858,-4.71736405006e-16,1.40621268235e-18,1.4057147227e-15,0.00874799863872,-0.000566356757264,1.72883750189e-05,0.00981640349247,0.00315326008032,-0.0329973306584,0.0099766770961,0.00360353930997,-0.0331373288701,-0.0226456241278,0.000997587407102,-0.0100095450631,-1.34390792476e-16,5.98516010545e-19,1.67671786874e-15,0.00730178230735,-0.000566530738826,1.24917726913e-05
0.05,0.0101821753045,0.00199902785425,-0.0412323659745,0.00945669725502,0.00238884597433,-0.0412320870204,0.00933606517742,0.00183185630296,-0.0415221648668,0.00848501971589,0.00108145238037,-0.042085324551,0.00828291492264,0.000514029842372,-0.0423568492422,-0.0334877288378,-0.000862924803981,-0.0147076067652,-3.37913510642e-16,2.11242091549e-18,6.47763382656e-15,0.0110837865511,-2.01212707648e-05,2.49500665366e-05,0.00988416643704,0.00108170249268,-0.0417349710144,0.0100862322501,0.000514345625702,-0.0419929565599,-0.0313019490637,-0.000862350441477,-0.0134287474525,-8.76857691511e-17,-1.2984923104e-19,6.12141638113e-15,0.0101067220158,-2.03420823044e-05,2.01706807517e-05,0.00848511953588,0.00398835304629,-0.0407289938106,0.00828298430759,0.00455567313484,-0.0406721093614,-0.0329881615039,0.00125995329216,-0.0141262502441,4.7300166427e-16,2.64754001952e-18,2.26944531437e-15,0.01092426437,-0.000715571914321,3.35877879008e-05,0.00988426625703,0.00398860315859,-0.040378640274,0.0100864404268,0.00455606245731,-0.0399061148039,-0.0282716009982,0.00126168129544,-0.0125306443305,-2.11235802315e-17,1.20797287321e-19,3.14601167107e-15,0.00911822430598,-0.000715949459284,2.39704341993e-05
0.06,0.0116824231677,0.00224244097885,-0.0492088628754,0.00929887403412,0.00281179193201,-0.04920809762,0.00890243221357,0.00228224377845,-0.0501612785091,0.00770241155128,0.00156603249712,-0.0516923933817,0.00749938111982,0.000996398003527,-0.0525929541137,-0.0431294689284,-0.000622168247889,-0.0189226976027,-3.68254766239e-16,2.69713284961e-18,7.82223481754e-15,0.014246658013,-0.000100158354109,5.21501662452e-05,0.00910684823388,0.00156641672775,-0.0511799433444,0.00930955603828,0.000996881201329,-0.0520192206745,-0.0404946915131,-0.000621186716963,-0.0175275549219,-1.07860926122e-16,-4.0903518991e-19,6.78303986155e-15,0.0131200379515,-0.000100515361261,4.31399293699e-05,0.00770323798418,0.00448418035138,-0.0472356779536,0.00750053488269,0.00505365546009,-0.0465987076942,-0.0387693025266,0.0015118027546,-0.0166561225094,3.75715174475e-16,3.27871000097e-18,2.23427372946e-15,0.0128236573705,-0.000800088576153,5.64317528077e-05,0.00910767466678,0.00448456458201,-0.0467232279163,0.00931070036802,0.00505425945023,-0.0456205164804,-0.0336097153725,0.00151449567623,-0.0149447254297,-5.88966042195e-16,-6.61367406554e-19,2.97811627087e-15,0.0108693008275,-0.000800661274256,4.07115139917e-05
0.07,0.0125391522901,0.00226044977481,-0.0566279399599,0.00873116309406,0.00318039417759,-0.0566273444636,0.00809798513078,0.00274672715273,-0.0581502495572,0.00664314199981,0.00215391583248,-0.0606015367203,0.00645241212422,0.00161857332322,-0.0620540984097,-0.0521449004031,-0.000236354936963,-0.0228897912448,-1.47511694554e-16,2.98538775729e-18,5.16450014011e-15,0.0172024032726,-0.000208435324172,9.30844605356e-05,0.0079627259159,0.00215443944475,-0.059772749728,0.00815327374317,0.0016192227463,-0.0610997347553,-0.0489430864143,-0.000234787719087,-0.0213755300322,2.74422085536e-16,-7.63928557811e-19,5.66365908852e-15,0.0159036483737,-0.000208959848867,7.79884658719e-05,0.00664360837521,0.00489630721274,-0.0534814925764,0.00645318072073,0.00543143630034,-0.0523451335364,-0.0444417576789,0.00177308518616,-0.019165589787,1.56342704733e-16,-1.34346681799e-18,2.17777821428e-15,0.0146825004769,-0.000868499643087,8.714141487e-05,0.0079631922913,0.00489683082501,-0.0526527055841,0.00815380203157,0.00543226086014,-0.0510097293633,-0.0388850096619,0.00177674518121,-0.0173566056322,3.63232544524e-16,-3.15343522505e-18,1.78313193664e-15,0.0126109785724,-0.00086923997207,6.376449467e-05
0.08,0.0129052186037,0.0024249331459,-0.0636679906508,0.00781001237612,0.00367121801128,-0.0636684012226,0.00696322954173,0.00330742120082,-0.0657062539836,0.00525807247588,0.00280352987456,-0.068993619044,0.00507282059108,0.00228242091738,-0.0709496545966,-0.0607540767499,0.000130801272392,-0.0267422306103,-7.03227173824e-17,2.19657628513e-18,6.81011432244e-15,0.0200368596006,-0.000321621702174,0.000149951586993,0.00654192767008,0.00280423374291,-0.0678701338836,0.00672771835098,0.00228328289022,-0.0696331356137,-0.0569356004643,0.000133152433782,-0.0250731587176,-2.19972400996e-16,-1.59108194272e-18,6.21554127875e-15,0.0185395786264,-0.000322353808431,0.000126459891937,0.00525669241148,0.00547291592891,-0.0594669764896,0.00507116500644,0.00599374409752,-0.0578900396016,-0.050131204941,0.00209133123161,-0.0217048081423,5.61173637372e-16,3.24224684892e-18,-2.54258493877e-17,0.0165554452683,-0.000966599493548,0.000127106249388,0.00654054760567,0.00547361979726,-0.0583434913291,0.00672553639027,0.00599485128476,-0.0562016717388,-0.0440368632597,0.00209615397995,-0.0197518608869,3.08205073567e-16,-3.43975093914e-18,1.69365198643e-15,0.0143107837037,-0.000967521603601,9.3873520955e-05
0.09,0.0130709981238,0.00280565067743,-0.0699216372717,0.00684418033541,0.00426682963769,-0.0699239941398,0.00581004741152,0.00390510902526,-0.0724146915485,0.00383232738656,0.00340094319536,-0.0764050097148,0.00363693236769,0.00284910279582,-0.0788015630294,-0.0683376188507,0.000355859917634,-0.0302336254207,-6.59062619827e-17,1.70397176842e-18,7.58544807022e-15,0.0225531432469,-0.000412584079645,0.000222258303888,0.00519094806178,0.00340190075208,-0.0750869247993,0.00538830605525,0.00285027017866,-0.0772352865474,-0.0639411168462,0.000359204025714,-0.0283660476477,5.35181142531e-16,-3.22701754108e-19,6.40200998209e-15,0.0208482972189,-0.000413578965995,0.000187930613456,0.00382729926776,0.00622764274374,-0.0647628311306,0.00363037757997,0.00677910279043,-0.0628119576911,-0.0553158459772,0.00243641426765,-0.0240521268155,-1.67852955061e-16,-9.83209072041e-19,6.87435740291e-16,0.0182775041695,-0.00109789284094,0.000175876161369,0.00518591994298,0.00622860030046,-0.063444746215,0.00538087908257,0.00678061095829,-0.0608510867962,-0.048521904671,0.00244284426853,-0.0218871369241,1.62291384622e-16,-5.11290461425e-19,1.24339868611e-15,0.0157850511248,-0.00109907239868,0.000130110908035
0.1,0.0128702623843,0.00325839188946,-0.0753733959703,0.00570384722749,0.00488696663831,-0.0753786262577,0.00451467311124,0.00448488473149,-0.0782454881978,0.00226628429571,0.00392428618403,-0.08281494568,0.00204990984013,0.0033101840461,-0.0855757690738,-0.0749278765473,0.000460089981476,-0.033370942508,3.26632520147e-17,1.55394895446e-19,7.34961492627e-15,0.0247583981857,-0.000481077686416,0.000309202710404,0.00377708202836,0.00392558640924,-0.0813447440437,0.0039975491169,0.00331176926203,-0.0838145034566,-0.0699806829092,0.00046469017615,-0.0312638726373,1.27983301975e-16,-1.42046587196e-18,8.00236473387e-15,0.0228393568235,-0.00048241172281,0.000261434901587,0.00225580105902,0.00706977792927,-0.0694164311861,0.00203598243623,0.00768336107659,-0.0671668649053,-0.0600747836156,0.00277958076347,-0.0262472887724,3.64337325935e-16,1.76225648778e-19,1.81002876342e-15,0.0198714857551,-0.00124588339425,0.000233569425954,0.00376659879167,0.00707107815448,-0.0679462295498,0.00398232563393,0.00768541383803,-0.0649657359822,-0.0524702930681,0.0027881896594,-0.0238123961577,1.83915968123e-17,-3.95049318455e-18,1.75962487117e-15,0.0170792815623,-0.0012474244038,0.000172197337144
0.11,0.0123275450457,0.00368927714403,-0.0799326520938,0.00439843331126,0.00547459709378,-0.0799415840937,0.00308394887092,0.00504948274655,-0.0831139659038,0.000623878181645,0.00445575260198,-0.0881633803657,0.000393064585619,0.00379681152962,-0.0912259214634,-0.0804672750569,0.000611281855475,-0.0360904872442,5.26043751736e-16,1.23551741497e-18,4.94579941068e-15,0.0266216249944,-0.000555998711553,0.000408628591031,0.00224359419231,0.00445743783489,-0.0865504296661,0.00248121617312,0.00379886791106,-0.0892749675521,-0.0750191112646,0.000617348763573,-0.0337760311674,3.6206099725e-16,-8.74664584543e-19,5.66282832886e-15,0.0245117404521,-0.000557712003655,0.000345205773561,0.000606438629334,0.00783074631526,-0.0733394375198,0.000369709804997,0.00848900812441,-0.07085168027,-0.0641970824897,0.0031050915817,-0.0281972736992,-3.99452027558e-17,-1.07308176054e-18,2.95768798071e-16,0.0212565847695,-0.00137925079365,0.000298714725442,0.00222615464,0.00783243154817,-0.0717264868203,0.00245607658964,0.00849168000856,-0.068427851544,-0.0559101733043,0.0031161279639,-0.0255346828963,3.26508134157e-17,-3.06160827691e-18,1.46744161422e-15,0.0182136854053,-0.00138117355242,0.00021962764374
0.12,0.0115050087525,0.00401217739717,-0.0836229468329,0.00299030683483,0.00599924104255,-0.083636260712,0.00158019410564,0.00558493586089,-0.0870434036215,-0.00102444775868,0.00500270255179,-0.0924984229454,-0.00126087169927,0.00432297335129,-0.0958009900639,-0.0849780741749,0.000831384422942,-0.038388394448,1.9107982724e-16,1.61919658002e-18,7.18155955848e-15,0.0281474249833,-0.000641058468192,0.00051789404595,0.000644543962191,0.00500481742044,-0.0907021291932,0.000890926640671,0.00432555200387,-0.0936137996726,-0.0790449783275,0.000839110072806,-0.0358925051899,1.53081938656e-16,-1.7175070545e-18,6.26660691677e-15,0.0258621687171,-0.000643174064784,0.000436775537723,-0.00104995673079,0.00848396239899,-0.0765803776389,-0.00129518654063,0.00916283858586,-0.0739135480259,-0.0676791673446,0.00340954730517,-0.0298966190133,1.86602465095e-16,5.56833238505e-18,2.35515253214e-15,0.022429542119,-0.00149328619855,0.000369978847438,0.00061903499008,0.00848607726764,-0.0747840838868,0.000854308500722,0.00916619459638,-0.0712375415397,-0.0588315058933,0.00342310735938,-0.0270456814272,8.18384967819e-17,-3.69303601233e-18,2.27957587534e-15,0.019186120834,-0.00149557008527,0.000271540039378
0.13,0.0104894456547,0.00426928524667,-0.0865406650452,0.00154268626843,0.0064811654951,-0.0865588603904,6.26279281233e-05,0.00610209682764,-0.0901394109344,-0.00263098760672,0.00556369675904,-0.0959283477989,-0.00286613796785,0.00488196593854,-0.099417367473,-0.0885578358511,0.00110733651351,-0.0402999976006,-1.45894996411e-16,1.9659539167e-18,6.09433551819e-15,0.0293677689682,-0.000734829037989,0.000634424117936,-0.000959392990311,0.00556628359527,-0.0939279515208,-0.000710845354121,0.00488511560382,-0.096968210075,-0.0821635953084,0.00111687430325,-0.0376478480175,-8.97080424237e-17,-2.12430738905e-18,4.33409916459e-15,0.026922849172,-0.000737351628693,0.000533846373891,-0.00266530401255,0.00905495758153,-0.0792034157674,-0.0029124386607,0.00973565019733,-0.0764093532927,-0.0705644525755,0.00369917531264,-0.0313583451194,2.78413391628e-16,-7.41065606363e-19,1.73320009263e-15,0.0234051978868,-0.00159279365237,0.000446062188853,-0.000993709396144,0.00905754441776,-0.0772030194894,-0.000759968353918,0.00973974901796,-0.0734688624575,-0.0612604795895,0.00371526712346,-0.0283544307878,9.35505338176e-17,-2.82760159082e-18,1.56554027099e-15,0.0200035350933,-0.0015953951056,0.00032702458133
0.14,0.00934440000237,0.00451736002066,-0.0887500255646,9.25315978165e-05,0.00694139467627,-0.0887734200747,-0.00143627403557,0.00660409549442,-0.0924766376189,-0.00418237902604,0.00611841835658,-0.0985259010287,-0.00441331731639,0.00544256295512,-0.10215558753,-0.091290167518,0.00140112750161,-0.0418589496993,-7.22841100075e-17,3.51542242216e-18,6.70100386776e-15,0.0303113471274,-0.000830667302724,0.000755586710577,-0.00252789982128,0.00612151812752,-0.0963328443704,-0.00227995564618,0.00544633495758,-0.0994547847084,-0.0844751709836,0.00141259926422,-0.0390698595858,5.51021074906e-17,1.12857115246e-20,5.00201879529e-15,0.0277230255732,-0.000833593843474,0.000634118817812,-0.00422593828651,0.00957929721701,-0.08123154166,-0.00447221477407,0.0102539136567,-0.0783543064684,-0.0728885937207,0.00397665595955,-0.032592354667,-5.57142568555e-16,-1.52239436582e-18,-1.09724262928e-16,0.0241971198856,-0.00168444499421,0.000525590873503,-0.00257145908175,0.00958239698794,-0.0790384850018,-0.002342183241,0.0102588168865,-0.0751653628899,-0.0632007948838,0.00399530311965,-0.0294588177948,-3.79141410401e-16,-5.49356667738e-18,6.67852058743e-16,0.0206641290686,-0.00168732617211,0.000384924703006
0.15,0.00813105370252,0.00477790216342,-0.0902968815472,-0.00131543807142,0.00738836941593,-0.0903256154503,-0.00287458592699,0.00708433331755,-0.0941073149585,-0.00565472402345,0.00664032485661,-0.100346219741,-0.00588275338562,0.00596647659375,-0.104074464771,-0.0932314303491,0.00166853995287,-0.0430877241537,-1.78057254642e-16,2.20832647535e-18,7.19480483654e-15,0.0309980894782,-0.000920279960438,0.000878616327036,-0.00400804664623,0.00664399155979,-0.0979836742595,-0.00375933545658,0.00597094143247,-0.101148733785,-0.0860355098804,0.00168208352922,-0.0401652182173,-2.53004755631e-16,-1.52239572424e-18,6.11930175466e-15,0.0282771345374,-0.000923621348018,0.000735048368002,-0.00570769832706,0.0100905977117,-0.082689107067,-0.00595448908204,0.0107629819867,-0.0797686106526,-0.0746852411175,0.00424187805458,-0.0336080157746,-4.87129245423e-17,-1.05270309921e-18,2.66329948134e-15,0.0248184067579,-0.00177446438229,0.0006071790895,-0.00406102094985,0.0100942644149,-0.0803265615855,-0.00383490482426,0.0107687754828,-0.0763552599735,-0.0646347312901,0.00426323954831,-0.0303459538458,3.93720962787e-16,-2.25739518845e-18,2.17258418464e-15,0.0211587835992,-0.00177762298584,0.000443778802925
0.16,0.00688349142567,0.00507360779253,-0.0912454397463,-0.00266777841324,0.0078290835644,-0.0912795011358,-0.00424234220315,0.00754526275175,-0.0951037353048,-0.00704465805057,0.00712601497184,-0.101465559007,-0.00727175917342,0.00644854250219,-0.105257450224,-0.094471760801,0.0019030087525,-0.0440178633292,-6.00966888552e-17,1.36510176962e-18,5.87773503066e-15,0.0314568385355,-0.00100239798676,0.00100114543433,-0.00539201086781,0.00713028925162,-0.0989708108966,-0.00514057099055,0.00645375956416,-0.102148312575,-0.0869427220212,0.00191875083993,-0.0409677672797,-1.93571320939e-16,5.48446788174e-20,6.71682841092e-15,0.0286159602735,-0.00100616637174,0.000834625961422,-0.00710699833787,0.0105944847064,-0.0836137374157,-0.00735626451257,0.0112702404493,-0.080682647197,-0.0759924431502,0.00449496317009,-0.0344167125759,-7.20609544577e-17,-2.94553036625e-18,2.28159832064e-15,0.0252813062952,-0.00186380878427,0.000689453421505,-0.0054543511551,0.0105987589861,-0.0811189893056,-0.00522941413345,0.0112770013271,-0.0770824593971,-0.0656015138607,0.00451923288839,-0.0310285751724,-7.88014935319e-17,1.6766421365e-20,2.9772350441e-15,0.0214994059901,-0.00186725393045,0.000502421639451
0.17,0.00562224137963,0.00536573447678,-0.0916379092015,-0.0039470221698,0.0082466194256,-0.0916771369987,-0.00552265014697,0.00797803016385,-0.0955091553855,-0.00833103927831,0.0075771240841,-0.101938579746,-0.00855781771405,0.00689444452426,-0.10576071315,-0.0950641078052,0.00211586950913,-0.0446610824875,4.97938707665e-16,4.33432228776e-18,7.31054586974e-15,0.0317028817396,-0.00107853369397,0.00112065493968,-0.0066686024623,0.00758204588124,-0.0993293124781,-0.00641396717564,0.00690047071515,-0.102489299384,-0.0872386973244,0.00213392384921,-0.041489558644,1.0232969337e-17,-1.08288731349e-18,5.62294696846e-15,0.0287531600057,-0.00108273657447,0.000930637768101,-0.00840238953939,0.0110718566819,-0.0840543823657,-0.00865460315712,0.0117525424211,-0.0811432006118,-0.076838867466,0.00473196709538,-0.0350264339348,-7.13015935115e-17,2.54144271612e-19,1.4682861897e-15,0.0255936403619,-0.00194896756882,0.000770966320124,-0.00673995272338,0.011076778479,-0.0814451150976,-0.00651558348444,0.0117603421279,-0.0773762418376,-0.0661365926883,0.00475928915725,-0.0315171476429,3.71745378291e-17,3.17179715692e-19,2.30539136261e-15,0.0216980265316,-0.00195269819817,0.000559751272438
0.18,0.00436093826775,0.00563825406394,-0.0915306039247,-0.00514999671436,0.00863217814406,-0.0915747194107,-0.0067141325707,0.00838207880801,-0.0953839442919,-0.00950684701094,0.00800403013685,-0.101834447007,-0.00973167407101,0.00732098677299,-0.105658285017,-0.0950836080424,0.00232963420562,-0.0450383498599,-2.67666518774e-17,-1.96992828096e-18,5.7780539445e-15,0.0317584041899,-0.0011526302049,0.00123508790844,-0.00784660578462,0.00800962088417,-0.0991219173654,-0.00759064502157,0.00732785657993,-0.102237215049,-0.086999209624,0.0023500497778,-0.0417614672619,3.27246692155e-16,2.05883458389e-18,5.43958380343e-15,0.0287142687628,-0.0011572499435,0.00102147317499,-0.0095865888807,0.0115001784643,-0.0840606080689,-0.00983989707985,0.0121809345179,-0.0811947369067,-0.0772557020909,0.00495105038578,-0.0354461737984,-2.28953500355e-16,1.45498906949e-18,1.94961164883e-15,0.025763530429,-0.00202582270155,0.000850318343306,-0.00792634765437,0.0115057692116,-0.0813480784269,-0.00770415735684,0.0121898139713,-0.0772771902552,-0.0662992232867,0.00498140723667,-0.0318339595629,-2.04796595031e-16,-1.34552502781e-18,2.23917401132e-15,0.021775146132,-0.00202980181275,0.000615007583699
0.19,0.00311691679387,0.00587835013825,-0.0909695967481,-0.00626293176461,0.00897422222682,-0.0910181905887,-0.00780366601444,0.0087470827454,-0.0947754540776,-0.0105586771532,0.00839801560613,-0.101202948384,-0.0107796572473,0.00772036452917,-0.105000868484,-0.094576825054,0.00254238964884,-0.045162798267,-1.00468953501e-16,2.61962640223e-18,5.35556042523e-15,0.0316375263576,-0.00122351928879,0.00134238412491,-0.00891481124103,0.00840428600348,-0.0983973169399,-0.00865976082219,0.00772809914374,-0.101442447056,-0.0862755813882,0.00256515728311,-0.0417993834245,-9.5306391438e-17,2.24579567282e-18,6.2154389588e-15,0.0285155731403,-0.00122852275077,0.00110554167976,-0.0106459387071,0.0118660625169,-0.0836755096166,-0.0108981309564,0.012541122215,-0.080878315251,-0.0772735517162,0.00514672551469,-0.0356856919608,-4.23668784962e-17,2.20244510929e-18,1.61988150563e-15,0.0258002281686,-0.0020920018741,0.000926227436348,-0.0090020727949,0.0118723329142,-0.0808698781722,-0.00878393131108,0.0125511025211,-0.0768267224547,-0.0661285226951,0.00518000539566,-0.0319919184981,-5.48938950128e-16,-2.79898691923e-18,1.63244231561e-15,0.0217434116424,-0.00209617746333,0.000667409237394
0.2,0.0018977102786,0.00609632088461,-0.0900187903672,-0.00729474591412,0.00927767176972,-0.0900713932832,-0.00880292078016,0.00907439269909,-0.0937541027629,-0.011504698177,0.00875573482206,-0.100120879231,-0.0117208278489,0.0080867909397,-0.103870866122,-0.0936354448572,0.00274604136584,-0.0450717438688,3.07389520363e-16,3.64887965223e-18,6.83020475989e-15,0.0313703214519,-0.00128978939242,0.00144149263041,-0.00988530398292,0.0087626866678,-0.0972371423673,-0.00963253784739,0.00809540265213,-0.100193037444,-0.0851588339194,0.00277112777639,-0.0416382787041,1.64202004767e-16,1.84399802672e-18,6.24767815225e-15,0.0281859193042,-0.0012951414789,0.00118207444005,-0.0115985299899,0.0121786700357,-0.0829450963846,-0.0118482572209,0.0128447085102,-0.0802344063549,-0.0769491967604,0.00532009114261,-0.0357664986108,-3.75855050597e-16,-2.33047449447e-18,1.5818038001e-15,0.0257225190758,-0.00214911878562,0.000997915060988,-0.00997913579577,0.0121856218815,-0.0800613595209,-0.00976602129787,0.0128558006227,-0.0760692032585,-0.0656702059533,0.00535618026771,-0.0320088624472,1.77052186072e-17,-1.9500029738e-18,1.51430411873e-15,0.0216169505229,-0.00215344430356,0.000716381678253
0.21,0.000720315002907,0.00629373798692,-0.0887183505113,-0.00820762484942,0.00952536981567,-0.0887742292595,-0.00967070720057,0.00934140544359,-0.0923514335728,-0.0123022117162,0.0090475718604,-0.0986001635115,-0.0125133460023,0.00838852364314,-0.102270882612,-0.0922404866966,0.00291928809202,-0.0447524662216,-2.81666717239e-16,-1.3605211673e-18,4.96183549897e-15,0.0309500694661,-0.00134544046459,0.00153003675087,-0.0107099406115,0.00905517335262,-0.0956702042228,-0.0104601305292,0.00839798696509,-0.0985119396451,-0.0836543480549,0.00294658407937,-0.0412706187195,1.46003238117e-16,3.30054662708e-18,7.54534176737e-15,0.0277258779452,-0.00135110009747,0.00124947537082,-0.0124012639766,0.0124192901506,-0.0819201633559,-0.0126478840237,0.0130751154154,-0.0793204427244,-0.0763075898881,0.00545783284143,-0.0356984032637,-9.61146665143e-17,-8.11913900683e-19,1.82731374748e-15,0.0255386526222,-0.00219385458647,0.00106441039094,-0.0108089928719,0.0124268916428,-0.0789902040672,-0.0106010204018,0.0130872879923,-0.0750808457171,-0.0649656650058,0.00549657508148,-0.0318984912077,9.51941011398e-17,1.44608547308e-18,1.90834895936e-15,0.0214085938488,-0.00219829365583,0.000761468345263
0.22,-0.000409172151814,0.00647627616615,-0.0871503822462,-0.00902372295119,0.00973062750233,-0.0872088445648,-0.0104338560572,0.00956179568033,-0.0906608989855,-0.0129849440272,0.0092875856872,-0.096752825682,-0.0131912174302,0.00863879516724,-0.10032386789,-0.090524535147,0.00306721750302,-0.0442623650173,-2.93091702074e-16,3.5704271648e-18,7.65174037386e-15,0.0304204206023,-0.00139254762081,0.00160832313347,-0.0114203968412,0.00929580117415,-0.0938016265932,-0.0111738979459,0.00864908020085,-0.0965139736738,-0.0818775760908,0.00309662052232,-0.0407483366636,1.52911381242e-16,3.48048732492e-18,6.57474432241e-15,0.0271731177059,-0.00139847885518,0.00130805408256,-0.0130879621607,0.0126062173329,-0.080659909274,-0.013331145659,0.0132514641203,-0.0781862272314,-0.0754204412094,0.00556825041417,-0.0355103544332,2.2661946751e-16,5.95614633305e-19,1.95995353964e-15,0.0252721978022,-0.00222934743375,0.00112558790904,-0.0115234149747,0.0126144328199,-0.0777087101851,-0.0113204239788,0.0132646819653,-0.0739027221144,-0.0640659832682,0.00560950937357,-0.0316839328245,2.12109854902e-16,-2.35507945672e-18,1.59221130843e-15,0.0211347881893,-0.0022338705485,0.000802536868821
0.23,-0.00147438936161,0.00662694828669,-0.0853084243564,-0.0097051664672,0.00986473202316,-0.0853685205354,-0.0110510024801,0.00970464828651,-0.0886671446448,-0.0135075313739,0.00944209408586,-0.0945466660687,-0.0137092653724,0.00880369697967,-0.0979879840224,-0.0884258634117,0.00317131666127,-0.0435688670052,-2.36376378315e-16,-2.03260236453e-18,5.36797291334e-15,0.0297601412102,-0.00142496884589,0.0016737102723,-0.0119705534566,0.00945085006553,-0.0916098069706,-0.011727689527,0.00881472703559,-0.0941714883076,-0.0797919098206,0.00320262785961,-0.0400457939045,6.29347911618e-17,-3.91866229797e-19,5.02239545654e-15,0.026514871964,-0.00143112845946,0.00135609538511,-0.013612862307,0.0127069517834,-0.0791723062333,-0.0138523179102,0.0133414941429,-0.0768458819032,-0.0742677759281,0.00563367358303,-0.0351925691318,4.11292323084e-16,4.4896224984e-18,1.59019253296e-15,0.0249161643985,-0.00224978524012,0.00118017231112,-0.0120758843897,0.0127157077631,-0.0762354471352,-0.0118775208622,0.0133556672116,-0.0725629245702,-0.0629765182546,0.00567722653291,-0.0313620759571,-3.08481976393e-16,-6.32807714132e-18,2.08116231745e-15,0.020796979515,-0.00225436993171,0.000839024516093
0.24,-0.00247215330044,0.00674969107946,-0.083270289022,-0.0102759712996,0.00994073739242,-0.083331161042,-0.01155064861,0.00978609025382,-0.0864589716777,-0.013902346444,0.00953121531041,-0.0920891631022,-0.0140993237365,0.00890476983407,-0.095381754787,-0.0860686521732,0.0032459394606,-0.0427260921977,2.30808582306e-16,1.5674658963e-18,7.50146113383e-15,0.029009855202,-0.00144664532333,0.00172706189882,-0.01239630241,0.00954042780962,-0.0891940168436,-0.0121578710051,0.00891645470064,-0.0915925675785,-0.0775051096147,0.00327893970747,-0.0392152988116,1.76717262261e-16,4.01048767236e-18,7.25322925489e-15,0.0257870530472,-0.00145298444398,0.00139446469356,-0.0140085036887,0.0127343317102,-0.0775139592541,-0.0142434662898,0.013356625839,-0.075346681313,-0.072912918672,0.00566313869835,-0.0347710614801,1.7597999709e-16,3.13519399345e-18,2.14995061181e-15,0.0244909525087,-0.00225733136804,0.00122823901019,-0.0125024596547,0.0127435442094,-0.0746188129955,-0.01230890845,0.0133716474083,-0.0710993186833,-0.0617498796754,0.00570871076189,-0.030957982129,-1.86560589747e-16,-2.42937469468e-18,2.69873086162e-15,0.0204127718011,-0.002261945891,0.000871127727872
0.25,-0.00338209524146,0.00682999674298,-0.0810402048522,-0.0107221112035,0.00995133199134,-0.0811009989337,-0.0119198210425,0.00980009889734,-0.084043150279,-0.0141576340197,0.00955055406146,-0.0893937160746,-0.0143496158712,0.00893770581187,-0.0925206341261,-0.083460687669,0.00328896870437,-0.0417347769238,-4.3088353918e-16,3.51023879102e-18,6.72800325015e-15,0.0281717243837,-0.00145674211378,0.00176751422747,-0.0126860958251,0.00956013636295,-0.0865611845932,-0.0124529130758,0.00894994672433,-0.0887867111349,-0.0750211253004,0.00332340870453,-0.0382559665359,5.37040805474e-17,-7.97692859301e-19,5.88904298204e-15,0.0249907164206,-0.00146321239027,0.00142257948179,-0.0142631385534,0.0126835290563,-0.0756864088341,-0.0144928254993,0.0132919520141,-0.0736875643929,-0.0713492208889,0.00565424572287,-0.0342404306702,-2.46185811615e-16,4.40030209863e-19,2.18096062942e-15,0.0239940153503,-0.00225105601187,0.00126893348441,-0.0127916003589,0.0126931113577,-0.0728538773528,-0.0126030668931,0.0133077020074,-0.0695049410432,-0.0603758957909,0.00570152494137,-0.0304647303454,-4.86740163999e-16,-8.72070162702e-18,1.08843204109e-15,0.0199786212922,-0.0022556719979,0.000898292393461
0.26,-0.00420029086313,0.00687087325172,-0.0786657007266,-0.0110606353297,0.00990591760911,-0.0787257060659,-0.0121790004797,0.00975724782039,-0.0814757644566,-0.0142980311932,0.00951216371625,-0.0865305474461,-0.0144846911912,0.00891465885598,-0.0894831010781,-0.0806835876053,0.00330699672262,-0.0406322921709,2.00543545195e-17,3.7293589454e-18,6.30893761389e-15,0.0272727938413,-0.001457351588,0.00179598961203,-0.0128648665418,0.00952203012609,-0.0837757543919,-0.0126377353874,0.00892735559047,-0.0858254138484,-0.0724097591566,0.00334262428752,-0.0372022142507,5.984276681e-17,-2.00868593436e-18,5.46443861199e-15,0.0241490590521,-0.00146390579416,0.00144128033189,-0.0144016624674,0.0125660883604,-0.0737206617433,-0.014625300968,0.0131589199439,-0.0718924447898,-0.0696158268775,0.00561329315693,-0.0336165172109,2.04537323928e-16,3.55068310583e-19,1.00944805628e-15,0.0234381286309,-0.00223293281152,0.0013022760657,-0.012968497816,0.0125759547703,-0.0709658686892,-0.0127852786036,0.0131752752375,-0.0677968024029,-0.0588818858689,0.00566195627201,-0.029895398191,3.18948550488e-16,-6.02531260348e-18,6.84930319482e-17,0.0195034985574,-0.00223752184639,0.0009205538994
0.27,-0.00491688940444,0.00687234216789,-0.076168089001,-0.0112896418059,0.00980804947435,-0.0762266721164,-0.012327574077,0.00966057407988,-0.0787813931336,-0.0143257714047,0.00941833783636,-0.0835301059061,-0.0145071158993,0.00883691503232,-0.0863025089899,-0.0777664095592,0.00329842839119,-0.0394321961798,3.82375654291e-16,3.0554334596e-18,7.9668204421e-15,0.0263228801148,-0.00144843449238,0.00181268314523,-0.0129323872201,0.00942840735994,-0.0808649645232,-0.0127117186086,0.00884996927203,-0.082738804549,-0.0696935166475,0.0033350012004,-0.0360641550284,-1.96296350372e-16,1.270641288e-18,5.93018093377e-15,0.0232692857697,-0.00145503480131,0.00145075511104,-0.0144264606929,0.0123894720688,-0.0716323170451,-0.014643665636,0.0129660023048,-0.069974397741,-0.0677288907758,0.00554259587866,-0.0329051090913,-8.38766967789e-17,-5.54333445788e-19,8.76617871406e-16,0.0228287155668,-0.00220421887074,0.00132805877844,-0.0130330765083,0.0123995415924,-0.0689671756621,-0.0128551397128,0.0129828418548,-0.0659840169913,-0.0572731260439,0.00559234951533,-0.0292518979011,-1.17706817349e-16,-2.27668295363e-18,1.47577892322e-15,0.0189888046485,-0.00220876476262,0.000937690528325
0.28,-0.00553226493124,0.00683596844611,-0.0735757253618,-0.0114148448307,0.00966084663474,-0.0736323211719,-0.0123721175162,0.00951422392939,-0.075990610289,-0.014247635427,0.00927457825082,-0.080426537987,-0.0144233965665,0.00871067945734,-0.0830152787821,-0.0747423083516,0.00326806471361,-0.0381496866524,1.8856717614e-16,2.4391861719e-18,7.17629255555e-15,0.0253328617737,-0.00143117176372,0.00181807068562,-0.0128971875677,0.00928476421794,-0.077861565512,-0.0126836186667,0.00872398378153,-0.0795612602031,-0.0669025988904,0.00330531580037,-0.0348575938804,9.80980400533e-17,4.95397410876e-19,6.51274900474e-15,0.0223616538692,-0.00143777539463,0.00145152835818,-0.0143444370183,0.0121555876933,-0.0694455236883,-0.0145545976109,0.0127144084798,-0.0679556867324,-0.0657111718164,0.00544432585395,-0.0321157341353,-4.91818861526e-17,3.1576339617e-18,2.32377144989e-15,0.0221730585552,-0.00216520833066,0.00134628958115,-0.0129939891589,0.0121657736604,-0.0668805512133,-0.0128215767216,0.012731598752,-0.0640873168739,-0.0555721476439,0.00549483223274,-0.0285448046077,1.64285693831e-16,5.66798052865e-19,2.78625712167e-15,0.0184421234497,-0.00216968918362,0.00094983513323
0.29,-0.00605412062383,0.00676609527255,-0.0709234369629,-0.0114556905076,0.00947737566929,-0.0709776368989,-0.0123339731714,0.00933160245995,-0.0731431132579,-0.0140885422566,0.00909461187573,-0.0772697921904,-0.0142587555124,0.00854866389442,-0.0796762518366,-0.0716709662938,0.00322031870013,-0.0368146895521,-3.33436133298e-16,1.06031293705e-18,6.17022056967e-15,0.0243230739815,-0.00140757635035,0.00181354994706,-0.0127817862316,0.00910485204587,-0.0748076083313,-0.0125755487137,0.00856213667953,-0.0763384944637,-0.0640808334034,0.00325803732551,-0.0336059184562,1.33263943999e-16,1.63382267364e-18,5.86256306907e-15,0.021440679906,-0.00141415475008,0.00144457978203,-0.0141807721963,0.0118833595905,-0.0671883154177,-0.0143836763334,0.0124240746165,-0.0658610487287,-0.0636033378986,0.00532683703204,-0.0312663361147,-1.00187098089e-16,-1.66295818693e-18,1.09628974156e-15,0.0214849110908,-0.00211921259001,0.00135753002395,-0.0128740161713,0.0118935997606,-0.0647261315586,-0.0127070735269,0.012441511886,-0.0621215831825,-0.0537991016429,0.00537783588501,-0.0277851120259,1.77773618407e-16,-1.9284858924e-18,1.4461466499e-15,0.017869893828,-0.00212361790639,0.000957173725581
0.3,-0.00646439317321,0.00666326268557,-0.0682133466701,-0.0113822264663,0.00925383200375,-0.0682646679825,-0.0121812391374,0.0091093922579,-0.0702361905012,-0.0138128098595,0.00887584116045,-0.0740488156637,-0.0139771478666,0.00834937676796,-0.0762699809763,-0.0685164024658,0.00315689572441,-0.0354083609864,-2.5697221079e-16,3.56739853022e-19,6.71348557554e-15,0.0232811400383,-0.00137757704377,0.00179826409123,-0.0125531700355,0.00888605497654,-0.0716959911743,-0.0123549077778,0.00836291339627,-0.0730591323596,-0.0611988800523,0.00319481468169,-0.0322947605219,1.84707274407e-17,1.36105510301e-19,6.29109681142e-15,0.0204967984034,-0.00138408914457,0.00142937951819,-0.013899657867,0.0115645360198,-0.0648718357742,-0.0140946874133,0.0120856506006,-0.0637054991427,-0.0613927104575,0.00518761577016,-0.0303503154275,-3.77482820945e-17,-1.57778051854e-18,1.8616160615e-15,0.0207596827645,-0.00206475434835,0.00136130241337,-0.0126400180431,0.0115747498359,-0.0625190112847,-0.012478847451,0.0121032023962,-0.0601066979327,-0.0519527191198,0.0052387605577,-0.0269712728696,3.96800603695e-17,4.30464961461e-19,2.54890622666e-15,0.0172718981445,-0.00206906224783,0.000959582084556
0.31,-0.00676934109805,0.00652751947992,-0.0654826880345,-0.0112075635832,0.00899592615112,-0.0655307598924,-0.011928127225,0.0088539600915,-0.0673099416597,-0.0134363125094,0.00862542547501,-0.0708099493455,-0.0135945007249,0.00811971743688,-0.0728456503611,-0.0653254889371,0.00308083049327,-0.033955049116,-2.61732798678e-16,1.16222124666e-18,5.9244007915e-15,0.0222229945414,-0.00134232768042,0.00177351362529,-0.012226646814,0.00863554855442,-0.0685679367454,-0.0120368810452,0.00813322936574,-0.06976654564,-0.0582955164776,0.00311870560056,-0.0309452090874,1.59698189739e-16,1.75346239245e-18,7.08220060705e-15,0.0195430685926,-0.00134873764612,0.00140695668662,-0.0135171472163,0.0112076087514,-0.0625296369322,-0.0137038033763,0.0117078879396,-0.0615205337079,-0.0591155259401,0.00503074266038,-0.029384903283,-1.3682154933e-16,-5.14092310423e-19,9.11659624366e-16,0.0200095520451,-0.00200332676163,0.00135826338179,-0.0123074815209,0.0112177318308,-0.0602876243321,-0.0121523357612,0.0117254386564,-0.0580681598317,-0.0500597849694,0.00508171191865,-0.0261172038333,-1.63418431045e-16,-5.35388320874e-18,1.46792078355e-15,0.0166570196124,-0.00200751811818,0.000957489968721
0.32,-0.00697559657652,0.00636293624181,-0.0627534708429,-0.0109452946254,0.00871259334495,-0.0627980439013,-0.0115893448033,0.00857443560769,-0.0643892956295,-0.0129758052762,0.00835267865728,-0.0675840680834,-0.0131277226278,0.00786843826804,-0.0694371073278,-0.0621337520077,0.00299547141461,-0.0324738359452,1.90291298864e-16,6.8582336282e-18,6.39230403344e-15,0.0211608992911,-0.0013032610677,0.00174052396666,-0.0118176683377,0.00836266588166,-0.0654499083258,-0.0116366890784,0.00788185800861,-0.0664892948509,-0.0553970024437,0.00303310025074,-0.0295724769912,-3.22364478201e-16,1.82028077543e-18,6.03715896013e-15,0.0185883252499,-0.00130954167242,0.00137818734178,-0.0130501944496,0.0108247636358,-0.0601796092699,-0.0132282047171,0.0113035306185,-0.0593221470189,-0.0567970409893,0.00486176019528,-0.028381975096,2.07445736948e-16,4.3056474798e-19,1.0501136454e-15,0.019243138086,-0.0019370819359,0.00134898670195,-0.0118920575112,0.0108347508602,-0.0580454495122,-0.011743040795,0.0113209888166,-0.0560162774958,-0.0481336506818,0.00491228634143,-0.025230708902,-5.83544403766e-17,-2.73277722857e-18,3.04372654315e-15,0.0160296115159,-0.00194114323886,0.000951160877253
0.33,-0.00706737791494,0.00616430820952,-0.0600350422231,-0.0105744481555,0.00840133020581,-0.0600758733599,-0.0111430619303,0.0082693442029,-0.0614815294256,-0.0124077139438,0.0080574609904,-0.0643768795228,-0.012553055392,0.00759592947958,-0.0660481962742,-0.0589269241446,0.00290223927747,-0.0309580571541,-1.52588641499e-16,1.24688861744e-18,5.46054947049e-15,0.0200900370027,-0.00126055349425,0.0016992167731,-0.0113039936965,0.00806727591516,-0.0623451979317,-0.0111322827908,0.00760919626215,-0.0632287429787,-0.0524887583727,0.00293940778111,-0.0281702564224,-1.57263211537e-16,1.00324591705e-18,6.81679524735e-15,0.017627896473,-0.00126667384651,0.00134300445707,-0.012475205295,0.0104131509939,-0.0578371721401,-0.0126441076875,0.0108692023862,-0.0571274946339,-0.0544342061093,0.0046800877861,-0.0273402496781,-1.69012507348e-16,-4.65323743923e-19,1.4503662931e-15,0.0184593107905,-0.00186552418172,0.00133343580262,-0.0113714850477,0.0104229659186,-0.055805490549,-0.0112288832812,0.0108864805906,-0.0539661077315,-0.0461730943806,0.00472987369947,-0.0243111803038,-2.77896724662e-17,-3.95301674738e-18,2.71235231187e-15,0.0153894033162,-0.00186943618988,0.000940611587263
0.34,-0.00705299331194,0.00593443437257,-0.0573543770619,-0.0101027645673,0.00806619062149,-0.0573912634461,-0.0105969110738,0.00794245487363,-0.0586134338863,-0.0117400746707,0.00774313787105,-0.0612154466351,-0.0118786807909,0.00730510580763,-0.0627059111027,-0.0557282159233,0.00280161843263,-0.0294212494003,-2.54291330448e-17,2.10689203172e-18,7.7104682399e-15,0.019018530049,-0.00121462391747,0.00165060071655,-0.0106925784201,0.00775275501028,-0.0592797230635,-0.0105304474148,0.00731817048113,-0.0600104553576,-0.0495908390783,0.00283813611727,-0.0267502323375,5.44222189344e-17,4.39567584971e-18,6.11453714587e-15,0.0166685770053,-0.00122055903382,0.00130220220602,-0.0118002791561,0.00997844341958,-0.0555304686165,-0.0119597795902,0.0104110248546,-0.0549652399735,-0.052054478222,0.00448795875697,-0.0262738564291,-1.87466834724e-17,3.09079154271e-18,2.34073425278e-15,0.0176674698137,-0.00178966270624,0.0013123708951,-0.0107527829056,0.0099880605588,-0.0535947450449,-0.0106167387855,0.0104280491984,-0.0519445510204,-0.0442006071228,0.00453674217619,-0.0233706804608,-4.46819843656e-16,-1.862614261e-19,1.56548636819e-15,0.0147438672037,-0.00179341121067,0.000926360996745
0.35,-0.00692530091605,0.00567526089479,-0.0547210179508,-0.0095334140485,0.0077083165335,-0.0547538945202,-0.00995571931291,0.00759356899199,-0.0557988322702,-0.010981124301,0.00740772412157,-0.0581187992697,-0.0111131707288,0.00699288091386,-0.0594328501852,-0.0525563979323,0.00268941714212,-0.0278757868077,-2.15624486149e-17,2.13545621508e-18,4.94584769181e-15,0.0179531886182,-0.00116466532341,0.00159565668309,-0.00998899132779,0.00741712695569,-0.0562731788929,-0.00983631179155,0.00700570309532,-0.056858077584,-0.0467217627868,0.00272512696184,-0.0253226179762,6.99076256142e-18,-7.42009590955e-19,7.46111315498e-15,0.0157165187672,-0.00117040374452,0.00125658601223,-0.0110339216185,0.00952429784052,-0.0532592675741,-0.0111841572731,0.00993375444674,-0.0528316045569,-0.0496604443245,0.0042854890565,-0.0251846619314,-2.65843028921e-16,-1.48099771816e-18,2.1914786797e-15,0.0168688071825,-0.00171012475402,0.00128602809973,-0.0100417886453,0.00953370067464,-0.0514136471973,-0.00991211847231,0.00995046358172,-0.0499480717826,-0.0422139342634,0.00433307531751,-0.022408471509,-3.78732322805e-16,-2.58161937404e-18,2.61909612438e-15,0.014092041104,-0.00171371123247,0.000908451880162
0.36,-0.00669968004984,0.00539168753733,-0.0521500741744,-0.00888635466948,0.00733407868176,-0.0521789692076,-0.00924017056408,0.0072286587096,-0.0530547686922,-0.0101531536946,0.00705663202259,-0.0551071233409,-0.0102789856645,0.0066640790868,-0.0562511089844,-0.0494396301245,0.00256677679182,-0.0263383632031,-1.63739899017e-16,-1.50169575945e-18,5.61612776306e-15,0.0169039217421,-0.00111140073506,0.00153572049295,-0.00921412640183,0.00706581751212,-0.0533443911782,-0.00907053573151,0.0066766341327,-0.0537918595883,-0.0439050082992,0.00260156521003,-0.023901521032,7.53748753088e-17,7.18521852525e-19,6.27813996288e-15,0.0147797004071,-0.00111694109953,0.00120716692987,-0.0101985889019,0.00905913320987,-0.0510352185116,-0.0103399256788,0.0094463936265,-0.0507370297153,-0.0472746180001,0.00407610978801,-0.0240844619318,-5.3731911329e-17,2.40337431718e-18,1.84264947234e-15,0.0160711397652,-0.00162840013568,0.00125518655386,-0.0092595616091,0.0090683186994,-0.0492724863489,-0.00913591745615,0.00946274637748,-0.0479848386974,-0.0402284186957,0.00412236859941,-0.0214335020817,8.112882206e-17,1.73147556614e-18,2.35710546368e-15,0.0134390006461,-0.00163183457208,0.000887328196927
0.37,-0.00635066695859,0.00507805779693,-0.049651400421,-0.00813705904612,0.00693883975259,-0.0496763963715,-0.00842587421667,0.00684317645135,-0.0503915324047,-0.00923201524665,0.00668541561332,-0.0521916826677,-0.00935198553619,0.00631418263351,-0.0531720543674,-0.0463677621115,0.00243109904016,-0.0248057707253,1.56229935191e-16,2.58497062601e-18,4.82306973427e-15,0.0158675118517,-0.00105398868647,0.00147098033595,-0.00834369040828,0.00669438979969,-0.0505036906718,-0.00820878397215,0.00632645300552,-0.0508227058476,-0.0411324270993,0.00246485749368,-0.0224835779399,-1.10323662988e-16,2.26961979505e-19,6.18155084493e-15,0.01385552077,-0.00105933415235,0.0011541198445,-0.0092702217496,0.00857887617241,-0.0488678490338,-0.00940306515991,0.00894494283843,-0.0486904993756,-0.0448870450758,0.00385756980188,-0.0229692171433,5.89831792733e-17,-3.83240470414e-18,4.37394685738e-16,0.0152712114429,-0.00154376510292,0.00121980001015,-0.00838189691123,0.00858785035878,-0.0471798570379,-0.00826392571958,0.00896090499215,-0.0460633115444,-0.0382358824746,0.00390238098381,-0.0204416325113,3.50266279691e-16,8.7464933158e-19,1.20814794063e-16,0.0127820386256,-0.00154706221396,0.000862937611133
0.38,-0.00590465035159,0.00474155040075,-0.0472356851678,-0.00730693253349,0.00653287546139,-0.0472568636517,-0.00753341298909,0.00644759891623,-0.0478178111659,-0.00823759764389,0.0063047692001,-0.0493798866064,-0.00835216054,0.00595359708394,-0.0502018164638,-0.0433568505695,0.00228718015737,-0.0232875766085,-2.67962483786e-16,1.69618362329e-18,7.07933629798e-15,0.0148496988242,-0.000994230966297,0.00140243933009,-0.0073968951849,0.00631355624504,-0.0477556938741,-0.00727017748534,0.00596558805696,-0.0479528652209,-0.0384119894506,0.00231985414894,-0.0210754242969,-1.57905920376e-16,4.49131113771e-19,4.90887361365e-15,0.0129467837219,-0.000999392413575,0.00109805528493,-0.00826868151849,0.00809568847336,-0.046773917292,-0.00839352702885,0.00844184523898,-0.0467112493215,-0.0425257661105,0.00363573848357,-0.0218534318222,3.47047731413e-16,-9.97675982767e-19,1.34956375497e-15,0.014478671825,-0.0014583933119,0.00118086756605,-0.0074279790595,0.0081044755183,-0.0451497245597,-0.00731522709233,0.00845741068862,-0.0441986328704,-0.0362551340332,0.00367904812053,-0.0194442275904,-1.40889614547e-16,-3.85729702939e-18,1.50915239696e-15,0.0121274797964,-0.00146157108783,0.000835850329908
0.39,-0.00535180224761,0.00438454919291,-0.0449135321701,-0.00638973384491,0.00611861615181,-0.0449310437521,-0.00655711237771,0.0060430503038,-0.0453457164536,-0.00716639874574,0.00591406225699,-0.0466858150967,-0.00727640504533,0.00558049217447,-0.0473556525046,-0.0404134834849,0.00213121570168,-0.0217899047629,3.42943993343e-17,7.45766175167e-19,6.66537852307e-15,0.0138532295367,-0.000931514563639,0.00133083434107,-0.00636731238426,0.00592270057215,-0.0451143906434,-0.00624783754223,0.00559222493017,-0.0451977561118,-0.0357484567353,0.0021628084806,-0.0196803025092,-1.23314087391e-16,1.447977782e-18,6.64904711706e-15,0.0120549888192,-0.000936521540907,0.00103946919069,-0.00719060400352,0.00761508195078,-0.0447608305473,-0.00730839014657,0.00794380741692,-0.0448057058802,-0.0401943108754,0.00341146622116,-0.020739776241,1.80004644097e-16,-3.24504988837e-18,1.49165770069e-15,0.0136951132369,-0.00137324347882,0.00113878847678,-0.00639151764204,0.00762372026595,-0.0431894060939,-0.0062831418665,0.00795899259046,-0.0423965002506,-0.0342831507535,0.00345332213754,-0.0184405171644,-2.38226982702e-16,-1.45845879567e-18,8.69295836022e-16,0.0114741003948,-0.00137633976195,0.000806145370774
0.4,-0.00470049807913,0.00401000161019,-0.0426859754672,-0.00539371203125,0.00570315547299,-0.0427000163219,-0.00550518641239,0.0056358805832,-0.0429762720204,-0.00602817346117,0.00551857831429,-0.0441123030501,-0.00613492215346,0.00519884152699,-0.0446365154706,-0.0375446716721,0.00196220559586,-0.0203185646059,1.40906922564e-16,2.27124853855e-18,5.97454617999e-15,0.0128810204665,-0.000866241302427,0.00125692233213,-0.0052615249159,0.00552713699018,-0.0425788428095,-0.00514787325435,0.00521037253032,-0.0425562090374,-0.0331407456793,0.0019928147271,-0.0182988354733,-1.78002678709e-17,4.61532540421e-19,7.79967009689e-15,0.0111796230044,-0.000871147329768,0.000978679014268,-0.00604580961069,0.00714903935305,-0.0428317204752,-0.00615794236175,0.00746411260925,-0.0429777219433,-0.037903749061,0.00318878125329,-0.0196343669703,-1.11870087306e-16,-1.7390364881e-18,1.17992476324e-15,0.0129247136267,-0.00129042271245,0.00109419491715,-0.00527916106543,0.00715759802894,-0.0412982602347,-0.00517387647355,0.00747897876223,-0.0406556745685,-0.0323176827085,0.00322937502851,-0.0174307457351,7.39600974051e-17,-2.33941261232e-18,9.6977509312e-16,0.0108209077236,-0.00129349725229,0.000773917972061
0.41,-0.0039623124635,0.0036252713573,-0.0405624654561,-0.00432919646606,0.00529648605622,-0.0405732574148,-0.00438775139971,0.00523587191344,-0.0407184515171,-0.00483348262979,0.00512777149633,-0.0416688445808,-0.00493847066605,0.00481750533955,-0.0420538967027,-0.0347634683851,0.00178339003113,-0.0188818766461,1.33234532202e-16,3.31525645303e-18,6.76605618396e-15,0.0119378750106,-0.000799863065934,0.00118164910564,-0.00408866849322,0.00513634112349,-0.0401561589331,-0.00397921129632,0.00482891864317,-0.0400344140466,-0.0305942402517,0.00181318797396,-0.0169359217419,-2.10130704126e-16,3.5536489835e-19,4.85834482075e-15,0.0103225340506,-0.000804735467153,0.000916197605751,-0.00484488744083,0.00671004201329,-0.0409984498656,-0.00495297876451,0.00701582595479,-0.0412403041011,-0.0356719663558,0.00297318691498,-0.0185467708144,1.9575402408e-16,3.15863123404e-18,7.62974422656e-16,0.0121738022937,-0.00121215781942,0.00104792741083,-0.00410007330425,0.00671861164044,-0.0394857642179,-0.00399639983713,0.00703046989035,-0.0389854212802,-0.030366628617,0.00301281233525,-0.0164207237788,2.77895691633e-16,3.43780255818e-18,1.18512668916e-15,0.0101704976172,-0.00121528012092,0.000739518920425
0.42,-0.00316609030043,0.00324704185651,-0.0385496584207,-0.00322483838286,0.00490748720694,-0.0385574118127,-0.00323341986476,0.00485087477283,-0.0385788276796,-0.00361061884206,0.00474823471584,-0.0393584042843,-0.00371524313846,0.00444331946701,-0.0396110896956,-0.0320888861959,0.00159877607443,-0.0174903112002,1.99159010001e-07,-1.77156546794e-07,1.10257997854e-06,0.011030699443,-0.000733874273854,0.00110725889606,-0.00287757730218,0.00475688132169,-0.0378563274815,-0.00277077395814,0.00445467886127,-0.0376419062112,-0.0281303151422,0.00162794614531,-0.0156045158773,1.40331512475e-07,-1.5512806924e-07,8.71297075381e-07,0.00949139031892,-0.000738749449014,0.000853914919237,-0.00361616052536,0.00630342710514,-0.0392643111878,-0.0037217342539,0.00660403574627,-0.0395971149549,-0.0335193540048,0.00276770440325,-0.0174867350183,2.78976438793e-07,-2.29961484072e-07,1.84906346257e-06,0.0114497476217,-0.00113969353078,0.0010027636753,-0.00288311898548,0.00631207371099,-0.037762234385,-0.00277967653214,0.00661853719811,-0.0373958190519,-0.0284537629622,0.00280667417158,-0.0154228766338,2.35760633609e-07,-1.97365616366e-07,1.39997833947e-06,0.00953133980463,-0.00114288963416,0.000705119053337
